date,state,population,Rtdata,Rtmod,Rtmod_ub,Rtmod_lb
2020-05-02,AC,484708,3.382405530644235,2.0006661057248603,2.4233548290480442,1.8761769695235813
2020-05-03,AC,484708,3.0654316359432663,2.000237494457539,2.450305278860851,1.8758141306799705
2020-05-04,AC,484708,2.0088819125244095,1.9997895824590528,2.468601308983522,1.8754244574077867
2020-05-05,AC,484708,3.00250007726566,1.999392563316153,2.480826203532116,1.8750347737210884
2020-05-06,AC,484708,2.9204756977224773,1.9989405914078409,2.488880713642717,1.8745842837725035
2020-05-07,AC,484708,3.201790204780535,1.9984870570562987,2.494157932024798,1.8741668483825515
2020-05-08,AC,484708,2.4753000334313704,1.997981082468614,2.497451105128524,1.873660258241895
2020-05-09,AC,484708,2.739171424086672,1.9974223556397959,2.499307979754513,1.873118762261213
2020-05-10,AC,484708,2.9949342223262225,1.9967687442732744,2.5001797810944457,1.8725032068320069
2020-05-11,AC,484708,2.4855629605907814,1.9960619925766647,2.5003246644955452,1.8718425684993427
2020-05-12,AC,484708,2.2112176382996207,1.9952687589,2.4999092692676688,1.8711219744668528
2020-05-13,AC,484708,2.1600705214283096,1.9943701919278718,2.4990198269546333,1.8703475335992767
2020-05-14,AC,484708,1.910769983169848,1.993371071545364,2.497763240694421,1.869506590570948
2020-05-15,AC,484708,1.5426871854342354,1.9937813206524708,2.4961162438344147,1.868564450650693
2020-05-16,AC,484708,1.5801701711483518,2.004190645568724,2.5393250514592127,1.8675167503478225
2020-05-17,AC,484708,1.2544444489174549,2.05973989950391,2.5871403906290986,1.870440385523184
2020-05-18,AC,484708,2.4918534321714447,2.5019633723165047,3.0053073216717867,1.9796657361261187
2020-04-26,AL,2309064,3.82709008343622,2.051354292263399,2.261391784523412,1.9676693937984318
2020-04-27,AL,2309064,3.3083911410463425,2.051152353327936,2.25910497196237,1.9674638765487489
2020-04-28,AL,2309064,2.8516139077249014,2.0510112789862225,2.2158293594903187,1.9673986270149308
2020-04-29,AL,2309064,2.5937390272582035,2.0508087870175733,2.1790758674562616,1.9671684973561057
2020-04-30,AL,2309064,2.115348142646225,2.050501081426174,2.1664485627383714,1.9670500216409128
2020-05-01,AL,2309064,1.7412781770137389,2.049081955737932,2.166332717317471,1.9669206482868589
2020-05-02,AL,2309064,1.5274194404118986,2.048550967423121,2.1598509638833527,1.966724736226576
2020-05-03,AL,2309064,1.5003935836442828,2.0481498112072973,2.1547124609941792,1.9665772254460967
2020-05-04,AL,2309064,1.6063637158742357,2.0480658864921546,2.1546238132327686,1.9663083455120345
2020-05-05,AL,2309064,1.7445476029870517,2.0473562789798843,2.154577526113374,1.9661853815076071
2020-05-06,AL,2309064,1.8380720821025829,2.0470090695217458,2.1543204519306265,1.966020154903936
2020-05-07,AL,2309064,1.8508805005382087,2.045976198017108,2.1541897718148064,1.9655686486462112
2020-05-08,AL,2309064,1.6955530444208722,2.0454266810147734,2.1538612836639763,1.9642068107754167
2020-05-09,AL,2309064,1.8064290270079555,2.044666023809273,2.1536538533272624,1.9631236518699882
2020-05-10,AL,2309064,1.7041183840434833,2.0442354712489044,2.1532813562516875,1.9622663393679842
2020-05-11,AL,2309064,1.8144169548591869,2.043830002510137,2.153012478624814,1.9615699729919445
2020-05-12,AL,2309064,1.9379726143255889,2.0445336051114698,2.1526116683819234,1.960977124176906
2020-05-13,AL,2309064,2.29159963376328,2.044117738962621,2.153294681374467,1.9604450220500569
2020-05-14,AL,2309064,2.534837845123854,2.0436912397319977,2.162693027363126,1.9598699096044137
2020-05-15,AL,2309064,2.1795441376873406,2.0432259938357924,2.1621440377139605,1.9592031320028431
2020-05-16,AL,2309064,2.157681417699961,2.0426862876436847,2.1647357650416623,1.9588387793899007
2020-05-17,AL,2309064,1.9232931043733317,2.0430818422479424,2.168187035183008,1.9581065557952075
2020-05-18,AL,2309064,2.024577317735122,2.0460026943731107,2.1785773263042087,1.961758638762532
2020-04-15,AP,350933,1.9500097501337663,2.298984938064118,2.3915222050008147,2.1998510208687003
2020-04-16,AP,350933,1.836938136755852,2.2321936362653587,2.3174657119670954,2.1132603540837773
2020-04-17,AP,350933,1.173775668552518,2.180931620767797,2.2646419446735884,2.059538373589057
2020-04-18,AP,350933,1.0957095079925243,2.143513812268476,2.2282798098805467,2.013971558412824
2020-04-19,AP,350933,0.9794607258007688,2.1164119602593567,2.2018022202445344,1.98450438041994
2020-04-20,AP,350933,1.4010974021513,2.0964416541201283,2.182328406208577,1.9634313444446008
2020-04-21,AP,350933,2.0812156531958883,2.082313701478941,2.168132690679796,1.9482098674732835
2020-04-22,AP,350933,2.2100654445950485,2.0719070737207548,2.157733691646465,1.9371293282068
2020-04-23,AP,350933,2.9995041770332844,2.064118453171992,2.1500458466175,1.9290131940254995
2020-04-24,AP,350933,2.5354387330914934,2.0580567021467018,2.1443209938454224,1.9230153792983515
2020-04-25,AP,350933,2.5307373948428795,2.0535098953405875,2.140036328845686,1.9184827822819008
2020-04-26,AP,350933,2.1762213967007478,2.0500245845193072,2.1367288409080007,1.9149803797669225
2020-04-27,AP,350933,1.8242612495565875,2.047313646234944,2.1251193586986727,1.912272408186206
2020-04-28,AP,350933,1.6182770930870458,2.0451815422174096,2.1228382398307097,1.9100868845893344
2020-04-29,AP,350933,1.39003088986407,2.043231632881644,2.120985336551271,1.9082662780700808
2020-04-30,AP,350933,2.323655875313525,2.041742803180849,2.1194211409585044,1.906652880032032
2020-05-01,AP,350933,2.7661466988848846,2.040403536907215,2.117957420749821,1.9051829619007041
2020-05-02,AP,350933,2.9220634468496445,2.0391741041609444,2.1165697671223493,1.903778082224968
2020-05-03,AP,350933,2.6842710204692635,2.03794854607738,2.1151968594658994,1.902383879609331
2020-05-04,AP,350933,2.5057889224783474,2.0367043035170225,2.113787221996576,1.900969642334424
2020-05-05,AP,350933,2.3447422703870435,2.0354277008123507,2.112331169893233,1.8994820807663613
2020-05-06,AP,350933,1.989554950171708,2.034040692983245,2.1107590410938992,1.8979108418403456
2020-05-07,AP,350933,1.5403036729776618,2.032547400271417,2.109030180938184,1.8962332184163355
2020-05-08,AP,350933,1.1775364691928645,2.0309672418900817,2.107122751086621,1.8944052899676884
2020-05-09,AP,350933,1.3081761707618762,2.029258655048612,2.105012760277828,1.8924231424160505
2020-05-10,AP,350933,1.3385767268619757,2.027354667271971,2.102671917087111,1.8902523419547224
2020-05-11,AP,350933,1.2595528970150869,2.0252755254563857,2.1000552697666066,1.88789023440327
2020-05-12,AP,350933,1.0871893038878364,2.023022034433895,2.097136766231426,1.885308890620401
2020-05-13,AP,350933,1.1901581476429286,2.020534890768652,2.093876049930875,1.8824757538481
2020-05-14,AP,350933,1.3701883010114109,2.01778046267678,2.1010471837215827,1.8793687822267682
2020-05-15,AP,350933,1.168597697378421,2.019161492234653,2.1312910683524087,1.875960119797079
2020-05-16,AP,350933,1.1898518355021506,2.021496537351066,2.29652210326981,1.8722248752053163
2020-05-17,AP,350933,1.6097324526632966,2.034607140457804,2.465574036841515,1.8681354991866312
2020-05-18,AP,350933,2.2277800323764447,2.218218484028617,2.6058915216114835,1.863657634489264
2020-04-08,AM,1991517,2.327116208641629,2.5904707238088127,2.791393993321209,2.406930974091858
2020-04-09,AM,1991517,2.3164615085118823,2.5828008433503524,2.7852704211039163,2.398392129684769
2020-04-10,AM,1991517,1.9771812802609137,2.577231390556116,2.7807688690995294,2.3919165544204866
2020-04-11,AM,1991517,1.821452158926804,2.5729726739172007,2.7778597470423168,2.3872483286727406
2020-04-12,AM,1991517,1.7732967005388482,2.5695197129087166,2.7755642229289657,2.3835877108542816
2020-04-13,AM,1991517,2.1805872995403166,2.5672332295375706,2.773685863627143,2.3810842773039727
2020-04-14,AM,1991517,2.203182100381574,2.565713047483744,2.7724481729156367,2.3793164402191143
2020-04-15,AM,1991517,1.8501289571180333,2.56455696805668,2.7716911588119864,2.3779269026562884
2020-04-16,AM,1991517,2.330173739148176,2.5636209695205068,2.771081826284428,2.376928568726919
2020-04-17,AM,1991517,1.9487322958612536,2.562843497377938,2.770401551795461,2.3761332144675085
2020-04-18,AM,1991517,2.2541966017429296,2.562130663747152,2.769788113681921,2.3753233063762282
2020-04-19,AM,1991517,2.0311210575407546,2.5614236496997007,2.7690600166795423,2.3746456309394963
2020-04-20,AM,1991517,2.2503110096876116,2.560755977041421,2.768311336874429,2.3739790858238683
2020-04-21,AM,1991517,2.5165387368032373,2.560055137956581,2.767436319181053,2.373287510205693
2020-04-22,AM,1991517,3.096249278860212,2.559400521720106,2.7665906984380872,2.372632338713053
2020-04-23,AM,1991517,3.2737861782673607,2.5586579385478414,2.765597788720084,2.3719609552635967
2020-04-24,AM,1991517,2.7254872376622155,2.5577811545590468,2.7643760486938507,2.371181899866346
2020-04-25,AM,1991517,2.873105342791672,2.5561249274084323,2.7478680623100686,2.3702880150617407
2020-04-26,AM,1991517,2.9083780282804423,2.5526939837785427,2.7280788985937816,2.3397669286290474
2020-04-27,AM,1991517,2.783762920076116,2.522741334889905,2.6870448157532696,2.2672888673093974
2020-04-28,AM,1991517,2.3523045497805617,2.4633430170428623,2.663737346006251,2.089392862664627
2020-04-29,AM,1991517,2.047584754808379,2.3287735504598053,2.5655393018269783,1.9426160292491697
2020-04-30,AM,1991517,1.9766099679910625,2.10305220649768,2.4237882540239086,1.8451411672434548
2020-05-01,AM,1991517,1.8965981419706448,1.944391431517476,2.3780722650832242,1.7788655001105238
2020-05-02,AM,1991517,1.7777541991931394,1.8396950042784541,2.340001147390129,1.7324993862766604
2020-05-03,AM,1991517,1.8120059847119647,1.7685882087618041,2.239198508239952,1.6963226724827405
2020-05-04,AM,1991517,1.8216468645241883,1.7184836258662068,2.013101810128684,1.6720112532821052
2020-05-05,AM,1991517,1.9337567972153185,1.6820377500551436,1.8610473521256887,1.6482286443962588
2020-05-06,AM,1991517,1.9750120944244831,1.6591394923779563,1.7584954348143924,1.621083332867206
2020-05-07,AM,1991517,1.6915688536950753,1.6428537375359198,1.7055193046511192,1.5956528249349606
2020-05-08,AM,1991517,1.4969321108277418,1.6282263474584442,1.696672931744751,1.5813771224309483
2020-05-09,AM,1991517,1.4935844551446682,1.6145207894636395,1.6663693496559349,1.5735121826788134
2020-05-10,AM,1991517,1.6559467667796215,1.6057112283007668,1.6541393913834712,1.5669213120364467
2020-05-11,AM,1991517,1.5944075065776355,1.5990837691715307,1.6474085286409004,1.5556055921270742
2020-05-12,AM,1991517,1.692559276901369,1.5940372000375622,1.641771063370942,1.5424285243058318
2020-05-13,AM,1991517,1.7917901113374417,1.5900394070053934,1.6368610654800404,1.5305631409896183
2020-05-14,AM,1991517,1.774848765446721,1.585922947187218,1.632446224873695,1.5187683897831326
2020-05-15,AM,1991517,1.5187843203658933,1.5819537473273468,1.6283248354166755,1.5117655961052026
2020-05-16,AM,1991517,1.3909547934672426,1.57793256232082,1.624317478431575,1.5064229472703792
2020-05-17,AM,1991517,1.4443356388689952,1.5740028873230019,1.6203214513632491,1.5016135322930195
2020-05-18,AM,1991517,1.3924268820649903,1.5700763094240862,1.616258698967117,1.4970025646271423
2020-03-27,BA,12098867,1.3965018410033607,2.142444506688539,2.478379407538748,1.5637259089542797
2020-03-28,BA,12098867,2.502038187360063,2.1119338472997717,2.4777375529905523,1.5533555983986314
2020-03-29,BA,12098867,2.0994809179334664,2.108784386428473,2.462055334882982,1.5533798915791142
2020-03-30,BA,12098867,2.293016314205215,2.099541221395172,2.451378254991094,1.5497701917950808
2020-03-31,BA,12098867,2.2506932364595365,2.0805569161346806,2.4211767062914413,1.5390291141104608
2020-04-01,BA,12098867,2.2146972012703503,2.051733145618853,2.416310895937766,1.5226083151200642
2020-04-02,BA,12098867,2.8186697254767434,1.9994282498114404,2.4071665003474716,1.5154560033472788
2020-04-03,BA,12098867,2.200259559371828,1.9810386089730256,2.3542141120100566,1.5118800054983703
2020-04-04,BA,12098867,2.1583763557391005,1.89499907161423,2.3321131066199,1.5000610989347134
2020-04-05,BA,12098867,2.338639899349896,1.7758017995029864,2.2909382397919886,1.4861494721079642
2020-04-06,BA,12098867,2.4520228974790217,1.6875640031202233,2.187977744644299,1.4802103457091902
2020-04-07,BA,12098867,2.20879674583213,1.6170307168726856,2.084895835361789,1.4760361305055605
2020-04-08,BA,12098867,1.633156768928048,1.5806780347963316,2.0237139304585217,1.4724895160029516
2020-04-09,BA,12098867,1.5702901806731664,1.5487682049972364,1.9102594360626293,1.4673193932062651
2020-04-10,BA,12098867,1.4887807360623655,1.5316105825287931,1.7696442295527626,1.4617422285825432
2020-04-11,BA,12098867,1.2399879497656836,1.5147816575729969,1.6731246931980572,1.4545659849736048
2020-04-12,BA,12098867,1.0183149199857693,1.5069863942479125,1.6025845542621842,1.4458615018319754
2020-04-13,BA,12098867,1.1167090475847503,1.4934721608392447,1.569004669966919,1.4381961985448148
2020-04-14,BA,12098867,1.2167127598405294,1.4845856115766642,1.559240748940217,1.4290500378878797
2020-04-15,BA,12098867,1.1353555316555783,1.4800262497442431,1.5536879475318472,1.4211363227489917
2020-04-16,BA,12098867,1.3003501022941633,1.4779839477547945,1.5444258579838983,1.413035159938778
2020-04-17,BA,12098867,1.706948726895577,1.4766548944093083,1.5439040780741162,1.4070753673186414
2020-04-18,BA,12098867,1.7014056450694688,1.4730055708005592,1.5439164716960323,1.4013814109174445
2020-04-19,BA,12098867,1.5670527030634855,1.4718897306568952,1.5437252531922805,1.3966778238490922
2020-04-20,BA,12098867,2.0001717935364414,1.4680485388977478,1.543585716735277,1.3936879012254797
2020-04-21,BA,12098867,2.023882849638545,1.4689211071170345,1.5435381351028317,1.3904310596799463
2020-04-22,BA,12098867,1.8790987318222143,1.4686569477581068,1.546836001903038,1.3886313718997687
2020-04-23,BA,12098867,1.761567248115553,1.468686276688964,1.5477403146661377,1.3876500736499415
2020-04-24,BA,12098867,1.6647870700695837,1.4685005916269245,1.5428954945273132,1.3868841086084616
2020-04-25,BA,12098867,1.672974536757026,1.4684314967276184,1.5428001640335247,1.3861919207108355
2020-04-26,BA,12098867,1.3329649295493236,1.4683271990600515,1.5430396371925768,1.385861389347968
2020-04-27,BA,12098867,1.2479220016154935,1.4682807628436412,1.5430676768984497,1.3851835517128577
2020-04-28,BA,12098867,1.2290083495955266,1.468184880126392,1.5432177321970002,1.384823577980614
2020-04-29,BA,12098867,1.1550902473711997,1.468159085477552,1.5428749131139887,1.3844337218435174
2020-04-30,BA,12098867,1.3614542167362995,1.4680534744004832,1.5429907108880228,1.3843005488207034
2020-05-01,BA,12098867,1.26103712966159,1.4679885437107916,1.5430333053355567,1.384090514757269
2020-05-02,BA,12098867,1.3075872354562033,1.4687935318455376,1.5430561760934995,1.3838309143471978
2020-05-03,BA,12098867,1.473407213865917,1.4678809594257525,1.543064080435261,1.383770518716413
2020-05-04,BA,12098867,1.5159157619581205,1.4693680745829094,1.5432567389904728,1.3837400110980045
2020-05-05,BA,12098867,1.3529436951730631,1.4703945464665609,1.5523846348376262,1.3836721208109672
2020-05-06,BA,12098867,1.398251188606669,1.4704191818125434,1.563042973156072,1.383593429788112
2020-05-07,BA,12098867,1.366534926783456,1.4755813017700776,1.5936745485033972,1.3834894657550203
2020-05-08,BA,12098867,1.2025377107376496,1.4849874312176792,1.7418225997831418,1.3941042092880385
2020-05-09,BA,12098867,1.2928514615224862,1.4991076947385542,1.8551806046612025,1.4064918088065732
2020-05-10,BA,12098867,1.2600408746783,1.571741875874069,1.9273258997066112,1.4415963122194362
2020-05-11,BA,12098867,1.43908898476365,1.7575521401645515,1.971151059939682,1.489828001612599
2020-05-12,BA,12098867,1.8403865007371505,1.912631593777028,2.048202587519905,1.5866045930713244
2020-05-13,BA,12098867,2.330544335662493,2.025288910396316,2.1253833674522684,1.7943310119449287
2020-05-14,BA,12098867,2.1856887656315958,2.0936384497447067,2.1970744749315343,1.9458495258356543
2020-05-15,BA,12098867,2.3810364017302827,2.1559412823041817,2.2713437402220182,2.0245812086133017
2020-05-16,BA,12098867,3.0456906729923165,2.195464955326305,2.3197707563528502,2.0382119366953235
2020-05-17,BA,12098867,2.8875534577754784,2.2293127802729664,2.3739276447410536,2.0458914933017347
2020-05-18,BA,12098867,2.4585611192922574,2.255380471530524,2.425648807950555,2.051148684810153
2020-04-08,CE,6536086,1.95507067784958,2.2938188952625334,2.5700972666222195,2.0295600068679263
2020-04-09,CE,6536086,1.4825121533741692,2.2730333587459963,2.4265774611386983,1.987703920967992
2020-04-10,CE,6536086,1.5253732472518768,2.2570615914239487,2.419084806883464,1.9583967176613704
2020-04-11,CE,6536086,1.5122278767510695,2.2374843824138453,2.4186488959754726,1.940397793573116
2020-04-12,CE,6536086,2.131539859107047,2.230593228309833,2.418196263542547,1.928727474865244
2020-04-13,CE,6536086,1.890070855428372,2.2256829109505984,2.4176417445006324,1.9181607694523404
2020-04-14,CE,6536086,2.2687420058356285,2.205734053143694,2.4176399908796924,1.90694003746952
2020-04-15,CE,6536086,2.4235868592447467,2.2039185960812624,2.4172474659627814,1.8992120037837
2020-04-16,CE,6536086,2.7983249455317742,2.1307870758821226,2.4065284543870367,1.8963445270705976
2020-04-17,CE,6536086,2.3974779690432766,2.0799960720639463,2.299450035239333,1.8926404102892915
2020-04-18,CE,6536086,1.8101211516584044,2.0221888860865858,2.285837843491654,1.8898514902775525
2020-04-19,CE,6536086,2.2149604263395046,1.9846660140895032,2.2040411813792042,1.8881729756380223
2020-04-20,CE,6536086,2.06300950527314,1.9553704774009133,2.168038039476346,1.8867268668026496
2020-04-21,CE,6536086,2.2116874853429174,1.9340071105284504,2.1442003728861962,1.8855372665942642
2020-04-22,CE,6536086,1.7797197293283389,1.9221592349773573,2.122488336629564,1.8844626928207544
2020-04-23,CE,6536086,1.976227396369412,1.9115370487914929,2.0844063934658785,1.8835519481685576
2020-04-24,CE,6536086,2.263119633556049,1.9051354511850973,2.0384188229286964,1.8807767252754424
2020-04-25,CE,6536086,1.7651987716791857,1.9004062842290883,1.9889216440897068,1.8769504507667465
2020-04-26,CE,6536086,1.822782485436249,1.897059816899332,1.9547378683301648,1.8744837363112072
2020-04-27,CE,6536086,1.7541655464990669,1.8951693678833108,1.931171260343012,1.8720778256602548
2020-04-28,CE,6536086,1.5272848755942852,1.8925990325024824,1.9211037566488591,1.8700386517922296
2020-04-29,CE,6536086,1.2299690278212083,1.8916172604232668,1.9208401197929543,1.8682498746459824
2020-04-30,CE,6536086,0.8576467053810141,1.8887989701148176,1.920536831652592,1.8671017210202887
2020-05-01,CE,6536086,2.2213626513296285,1.888034390596824,1.9201855762934728,1.8658548235906904
2020-05-02,CE,6536086,1.9468836243539545,1.887135374906564,1.919799966951218,1.8636867338977832
2020-05-03,CE,6536086,1.9206609395869103,1.8864376205676725,1.9194301294485203,1.86161354770619
2020-05-04,CE,6536086,2.9671523066607133,1.8856129621808564,1.9189675715189631,1.8597889005638504
2020-05-05,CE,6536086,3.0195884587793684,1.884584037540625,1.9185119617437745,1.858514787525205
2020-05-06,CE,6536086,2.759311642563768,1.883830890093152,1.9179641771134457,1.8574606803710343
2020-05-07,CE,6536086,1.8313967959325608,1.8831815038171065,1.917348841089325,1.856483623648644
2020-05-08,CE,6536086,1.901814013478192,1.8825011583719604,1.9167213742610305,1.8555934522939168
2020-05-09,CE,6536086,1.6875878213981166,1.8816416494711468,1.9095069376674183,1.8547330531181183
2020-05-10,CE,6536086,1.0905002766993168,1.880602794441084,1.908744593209278,1.852046132623428
2020-05-11,CE,6536086,1.434223237310894,1.8797489118099744,1.90790910363124,1.849842902591068
2020-05-12,CE,6536086,1.7942639252404569,1.878833315660532,1.9070023268761285,1.8488861834109969
2020-05-13,CE,6536086,1.6803783127887433,1.8778150510689744,1.9060066675171865,1.84786385950492
2020-05-14,CE,6536086,1.439924128346528,1.876718074823672,1.9048889291270945,1.846768578464553
2020-05-15,CE,6536086,1.7933821813481476,1.875504582180521,1.9036724796894744,1.8455772245445188
2020-05-16,CE,6536086,2.0344558263693227,1.8741850381318008,1.9023247529286385,1.8442853387296363
2020-05-17,CE,6536086,1.8719203943121587,1.872733803459269,1.9008447860400748,1.8428691706900733
2020-05-18,CE,6536086,1.4306681212429848,1.8711501748875947,1.8992209849864952,1.8413348665618583
2020-03-29,ES,3692516,3.53926284196549,2.907142402316122,3.1554693427878977,2.789145498166647
2020-03-30,ES,3692516,3.419071002159415,2.8073738091205085,3.0421044177313856,2.6969301823720824
2020-03-31,ES,3692516,2.9824343074954367,2.7525393143915924,3.004550904266486,2.6341490252547413
2020-04-01,ES,3692516,2.4077667190962515,2.7115653838109264,2.9680419651081174,2.5867111218308008
2020-04-02,ES,3692516,2.067103577141724,2.6771095366809297,2.9431201854658697,2.5528601619629843
2020-04-03,ES,3692516,1.877209633459452,2.6549189367100574,2.926785956056336,2.5300787525602706
2020-04-04,ES,3692516,1.6740870357758175,2.6397715239821635,2.9148880538909907,2.5130161000803573
2020-04-05,ES,3692516,1.8637888671137568,2.6250038275324004,2.9065192551818715,2.501001250475172
2020-04-06,ES,3692516,1.9157735848252355,2.618352594772932,2.8512066808417225,2.491797151809437
2020-04-07,ES,3692516,2.1548010642610227,2.6116293918186866,2.8248066892699777,2.4657025868227733
2020-04-08,ES,3692516,2.2310102925788047,2.607438149337185,2.7807971181671816,2.461445248855938
2020-04-09,ES,3692516,2.3003585118336622,2.6031158291602394,2.7784340988569096,2.428557279333256
2020-04-10,ES,3692516,2.122416187480587,2.6009664076220145,2.7680168837503207,2.426321373092064
2020-04-11,ES,3692516,2.335701980893942,2.598055457417741,2.761654659694109,2.3395970946028024
2020-04-12,ES,3692516,3.0902731721197583,2.586259821643593,2.760773989851672,2.16721285957298
2020-04-13,ES,3692516,3.6490850330855014,2.563450374788935,2.7205773042297405,1.9489781221822828
2020-04-14,ES,3692516,2.8874432642219756,2.531652277309024,2.6766506881689915,1.8063804219542268
2020-04-15,ES,3692516,2.776777491446792,2.277326205905997,2.587805097452184,1.7104204390989
2020-04-16,ES,3692516,2.5659603257158423,2.0145211114321064,2.453793654333336,1.6443772654168989
2020-04-17,ES,3692516,1.9308643586309555,1.8420587421455907,2.2260918842970745,1.598025576415394
2020-04-18,ES,3692516,1.4992776202389737,1.7258152974145489,1.982392961255925,1.5633766001637084
2020-04-19,ES,3692516,0.9801140914731014,1.6474790816064329,1.8233227048504403,1.541111371959373
2020-04-20,ES,3692516,1.1140878469024198,1.5928982033468142,1.717079702662882,1.5262289574812071
2020-04-21,ES,3692516,1.2552927153154538,1.5555962572149866,1.6419111940543352,1.5112870729618153
2020-04-22,ES,3692516,1.0973993657631222,1.5292537418424428,1.5880985637515133,1.4992016186425774
2020-04-23,ES,3692516,1.2536369552026894,1.5094586092719295,1.5519308102526392,1.4844690766633055
2020-04-24,ES,3692516,1.250924578593493,1.4965989709588294,1.531400437481199,1.4717706052532122
2020-04-25,ES,3692516,1.5800488907932713,1.487096216417172,1.5217845833225945,1.4617450258081703
2020-04-26,ES,3692516,2.0172259216939343,1.4800246285445529,1.5159212286409485,1.4531498554278135
2020-04-27,ES,3692516,1.74893665247743,1.4742353583522358,1.5109119537145523,1.448118150140391
2020-04-28,ES,3692516,1.9230180612195,1.4701534147411894,1.5057361837392076,1.4435370510224663
2020-04-29,ES,3692516,1.8969270617226428,1.4668674425823522,1.5025678908235642,1.4390960153227623
2020-04-30,ES,3692516,1.74376386030076,1.4645523146450137,1.5003043075541516,1.4357285189324531
2020-05-01,ES,3692516,1.4950848044009608,1.4627175315400895,1.4985545466939874,1.4331524405511271
2020-05-02,ES,3692516,1.1679863183398946,1.4612250921743222,1.4971609133808093,1.4311540175219422
2020-05-03,ES,3692516,1.1460011135275436,1.4600142118268769,1.496013772965719,1.4297983077980498
2020-05-04,ES,3692516,1.1429683425561008,1.4590189524397237,1.495059713626302,1.4286920507376002
2020-05-05,ES,3692516,1.1905450343729322,1.4581780666955242,1.4942465684038848,1.4277695676002995
2020-05-06,ES,3692516,1.2260521560418178,1.4574404925402182,1.4935337311232852,1.4269759156177335
2020-05-07,ES,3692516,1.2461431101365614,1.4567668202279114,1.4928769647962026,1.4262645943667775
2020-05-08,ES,3692516,1.2544207977497135,1.456138930714646,1.4922435181417577,1.4256092881911506
2020-05-09,ES,3692516,1.3085068110334137,1.4555095150288893,1.4916400824988014,1.424997715056505
2020-05-10,ES,3692516,1.3297440144953536,1.4549011188075818,1.4909162533378295,1.4243327944415385
2020-05-11,ES,3692516,1.4301259908397908,1.45433766066834,1.4904915751099783,1.4238797461473254
2020-05-12,ES,3692516,1.5575630741971045,1.4537575726839451,1.4898709009619882,1.4232235275641538
2020-05-13,ES,3692516,1.5889451846480718,1.4531256520562073,1.4891587322010145,1.4226084002487354
2020-05-14,ES,3692516,1.435589269398831,1.4524853376925924,1.4884750373365032,1.4219874910820722
2020-05-15,ES,3692516,1.4322790363142994,1.4518282508482825,1.487775215172526,1.4213558029470184
2020-05-16,ES,3692516,1.4701257115258006,1.4511481232450238,1.4870467058868573,1.4207008120286881
2020-05-17,ES,3692516,1.631047346035311,1.4504244664382728,1.4862795075659618,1.420016710526295
2020-05-18,ES,3692516,1.5329836842389637,1.4496739862006984,1.4854744698053168,1.4193037004641669
2020-04-04,GO,5606764,2.2493667560309123,1.5024543365861809,1.5568423594117602,1.4667126439646545
2020-04-05,GO,5606764,3.4343817905413454,1.4992957378071887,1.5463527415487066,1.4638132845528
2020-04-06,GO,5606764,2.5738953546110883,1.4967909906808834,1.544572815445081,1.461707538920963
2020-04-07,GO,5606764,2.4767257608849094,1.4960551092726917,1.5433430322193449,1.4600419816939152
2020-04-08,GO,5606764,2.56498671035781,1.49312241213012,1.5420757877034996,1.4586678429087672
2020-04-09,GO,5606764,2.370895371043344,1.4930567925259557,1.5410195118702803,1.4576145598986043
2020-04-10,GO,5606764,1.6583589910673482,1.4924844785606657,1.5401852131088742,1.4565465993005078
2020-04-11,GO,5606764,1.6196177494467978,1.4914766153756869,1.5467852109265268,1.4559646713868228
2020-04-12,GO,5606764,1.5128188632058028,1.4929835838107026,1.5439890474439528,1.4547658977118998
2020-04-13,GO,5606764,1.4883177255789972,1.492306801048203,1.5491839662736249,1.4550877331769323
2020-04-14,GO,5606764,1.3432001935613072,1.4918710721686148,1.534008623397089,1.4550714263374411
2020-04-15,GO,5606764,1.1999932149848498,1.4876203840724047,1.5338441972961152,1.4473508275764435
2020-04-16,GO,5606764,1.388059150566897,1.4883538379662409,1.5354008054322033,1.4507082145893966
2020-04-17,GO,5606764,1.1052082978008566,1.4892287891028997,1.533417449291722,1.4536017852450147
2020-04-18,GO,5606764,1.1609038365457678,1.4894750336701672,1.5330547248233564,1.4541769347517204
2020-04-19,GO,5606764,1.0041836489228626,1.4905250744940033,1.5341573239636572,1.4540775321614792
2020-04-20,GO,5606764,1.031851811020886,1.4898989496841664,1.5331583147273036,1.4487480450611332
2020-04-21,GO,5606764,1.3970188361337097,1.4890995044846436,1.5328732391874709,1.4510630973925784
2020-04-22,GO,5606764,1.4430313992786912,1.4890117238623235,1.533176971501772,1.4536494430254767
2020-04-23,GO,5606764,1.3125538049177146,1.4888480891168232,1.5332801443607968,1.4524303449112337
2020-04-24,GO,5606764,1.340937731825647,1.4889512725305682,1.5359467846225068,1.453076154853838
2020-04-25,GO,5606764,1.563848801780891,1.488874703508932,1.5330111380187603,1.453359194244415
2020-04-26,GO,5606764,1.8171005900756445,1.4888732810561538,1.5346321662992404,1.4535906285659417
2020-04-27,GO,5606764,1.762298001645622,1.4889109673868368,1.5310985027069726,1.4534416129546872
2020-04-28,GO,5606764,1.7698040683685718,1.4890094077170408,1.5325475563439976,1.4534237672517103
2020-04-29,GO,5606764,1.6352355883573508,1.4887833235670689,1.5374161599233869,1.453494069015182
2020-04-30,GO,5606764,1.4274423519793016,1.48817056611662,1.5319832679638568,1.4534901496641195
2020-05-01,GO,5606764,1.15965227805768,1.4887071531852205,1.5334887346299992,1.4537624364203536
2020-05-02,GO,5606764,0.8792853261923006,1.488682446874296,1.532211890526627,1.4577366283497708
2020-05-03,GO,5606764,0.5564763353081982,1.4900448111238698,1.5367264767931892,1.4576141672099538
2020-05-04,GO,5606764,1.4828057047084704,1.4910200402539444,1.5516736352945597,1.4577778989474002
2020-05-05,GO,5606764,1.638565504477237,1.490669092554779,1.5874123832907312,1.4578829572440766
2020-05-06,GO,5606764,1.5175880912300543,1.4922019726858058,1.6079005281112158,1.4586044126760591
2020-05-07,GO,5606764,1.4239509712157912,1.4907512870510953,1.6231038867174317,1.4537688438928331
2020-05-08,GO,5606764,1.4247619615460911,1.4928150261049098,1.6337792528015598,1.456626665474093
2020-05-09,GO,5606764,1.431851310941663,1.5010135322421467,1.6416593596217908,1.4647203398944713
2020-05-10,GO,5606764,0.7128833693424127,1.5168226665341944,1.6841148266706614,1.4655865695547172
2020-05-11,GO,5606764,1.7495779708328592,1.560686498380085,1.7485259127422004,1.4817274888861518
2020-05-12,GO,5606764,1.9246646863777013,1.6458984309955262,1.8168525002273035,1.4931032272688018
2020-05-13,GO,5606764,2.0280802674801994,1.7119081025303295,1.8640276512292668,1.5034804708338652
2020-05-14,GO,5606764,1.783684522876319,1.7651601825606391,1.911800968507019,1.503361061803714
2020-05-15,GO,5606764,2.0754481544844365,1.8048585150936969,1.944912135463693,1.5031778579294488
2020-05-16,GO,5606764,2.1171692198085936,1.8356155241323613,1.9734187935868213,1.5285167143364469
2020-05-17,GO,5606764,1.7040403798085992,1.854188085474264,1.9953083899202952,1.6196346866815503
2020-05-18,GO,5606764,1.8220187153762035,1.8793941063672244,2.0134647786183337,1.6463824547663903
2020-04-11,MA,6034192,2.023415483745436,2.9315006990606154,3.0249926387803217,2.8508639109859217
2020-04-12,MA,6034192,2.1988537634649568,2.8203811568043125,2.9479117228746228,2.750130069603828
2020-04-13,MA,6034192,2.2069015254998248,2.7565219787940305,2.9444028283632555,2.6960016612897366
2020-04-14,MA,6034192,2.8476457051486275,2.7110039129033816,2.8261901337462114,2.6472704730896317
2020-04-15,MA,6034192,3.002171668776533,2.684855542679128,2.8167834901483624,2.6208539098631074
2020-04-16,MA,6034192,2.8908114377723364,2.6597631671095203,2.776347145074209,2.5894812829049223
2020-04-17,MA,6034192,2.762318194120444,2.6451803117749213,2.761873513663962,2.5752093246893777
2020-04-18,MA,6034192,2.457536627027197,2.6341498525162512,2.752319415291935,2.5649386064774005
2020-04-19,MA,6034192,2.2798492593569533,2.626241713826307,2.7367965782602446,2.556963705172919
2020-04-20,MA,6034192,1.970501031139624,2.619469083597667,2.7323432569059136,2.5427567603573467
2020-04-21,MA,6034192,1.8825511684235183,2.6158238745555287,2.7289995972412333,2.538711242761824
2020-04-22,MA,6034192,1.7070214390747414,2.6133435512085965,2.7265081730445897,2.535810591560054
2020-04-23,MA,6034192,1.6541103751345014,2.611335689444906,2.725022117689889,2.5336642127763884
2020-04-24,MA,6034192,1.5809874915845927,2.609934539789493,2.723894396478219,2.532168774662648
2020-04-25,MA,6034192,1.8725907641839723,2.608891601475996,2.7229587856942423,2.531211969130691
2020-04-26,MA,6034192,2.045222410840476,2.6081088684423386,2.7222443850024693,2.5301026278803174
2020-04-27,MA,6034192,1.9763562904011696,2.607608161064761,2.721750509904296,2.5295453941128168
2020-04-28,MA,6034192,2.3732830577049886,2.6070213528225263,2.7211926433904985,2.5291304492642865
2020-04-29,MA,6034192,2.4929130184741486,2.6065490422839943,2.72078619912632,2.528636089829464
2020-04-30,MA,6034192,2.486663542703916,2.606139391456731,2.7203618017621167,2.52805172277688
2020-05-01,MA,6034192,2.3844719836954966,2.6056272078872413,2.7198321378291346,2.527572981363055
2020-05-02,MA,6034192,2.378109969311551,2.605211316576636,2.71079265243014,2.5271555197870548
2020-05-03,MA,6034192,2.3493972510786842,2.601913428871341,2.7100154039966027,2.3719295228470973
2020-05-04,MA,6034192,2.3386711141699257,2.5964904587101403,2.682661206260354,2.209231801624858
2020-05-05,MA,6034192,2.8295156472723813,2.5916985992900416,2.6819127167491392,2.1024867979464013
2020-05-06,MA,6034192,3.0866201878479065,2.583840427990379,2.6761682099605317,2.0312773023587347
2020-05-07,MA,6034192,2.6179376075562133,2.546138243506369,2.6469201922855947,1.985706252362512
2020-05-08,MA,6034192,2.2194775820695978,2.3263634162798796,2.591203522017671,1.9536280690552303
2020-05-09,MA,6034192,2.156256808338158,2.115118846184794,2.4601796996362744,1.903946550772872
2020-05-10,MA,6034192,2.1048830222646457,1.9896819765223293,2.228482651492868,1.8654728918335133
2020-05-11,MA,6034192,1.8715308327975402,1.901193080694538,2.0700674874565874,1.8258409540231528
2020-05-12,MA,6034192,1.7226756363479288,1.8514727047315256,1.975984294966734,1.7841848190966774
2020-05-13,MA,6034192,1.8428410032088032,1.8133958602130376,1.9215585913457487,1.7423395190596591
2020-05-14,MA,6034192,1.876336314251981,1.7869061344425503,1.8914604111445208,1.709104766432564
2020-05-15,MA,6034192,1.8366676163009887,1.7669638361033784,1.8750847933080328,1.6853778678360989
2020-05-16,MA,6034192,1.729762767963841,1.7517667718847167,1.8720582411768527,1.6682079442998026
2020-05-17,MA,6034192,1.6623073111845914,1.7386435606185615,1.8694732661909368,1.6556032752546952
2020-05-18,MA,6034192,1.7160979109549692,1.7298557830927457,1.8671808125784248,1.6462046994202055
2020-04-09,MT,2947226,1.3937214667972808,1.4644485339480608,2.089556329290885,1.1209662308610944
2020-04-10,MT,2947226,1.328190480341222,1.3692165181060123,1.8521712563097,0.9661962666112688
2020-04-11,MT,2947226,1.0617049879227989,1.2734215146995802,1.6937917331633454,0.8866260371177492
2020-04-12,MT,2947226,0.9769480473218612,1.215940005126061,1.678007614488874,0.7794814521276731
2020-04-13,MT,2947226,0.9132940106715506,1.1804280996390504,1.6945888680895953,0.6812391643210562
2020-04-14,MT,2947226,0.7338655158554629,1.1491219167713216,1.7073269067090393,0.7521587511875256
2020-04-15,MT,2947226,0.9154675940434126,1.13420157404971,1.7122442468989905,0.7622358130235978
2020-04-16,MT,2947226,0.8811604418391048,1.136376121469068,1.7095921428717489,0.7233470575645555
2020-04-17,MT,2947226,0.9818458933209552,1.1679597835452311,1.7078396456731268,0.6995092231559781
2020-04-18,MT,2947226,0.5854136149764443,1.237028221122198,1.7065582664545076,0.7450002397101865
2020-04-19,MT,2947226,1.3887643116099264,1.286535500391294,1.7122129707813891,0.8258259905586658
2020-04-20,MT,2947226,1.7532742140633608,1.3454076174747391,1.701317275543769,0.9860004923691279
2020-04-21,MT,2947226,1.8617233843319687,1.4181518224633076,1.6998634007001692,1.1254657218594588
2020-04-22,MT,2947226,1.6603713067854091,1.4953198473808724,1.7060758381701864,1.1804433482490786
2020-04-23,MT,2947226,1.4329352026351323,1.553834115735103,1.7183258599312805,1.1788352281171504
2020-04-24,MT,2947226,1.6409794953570498,1.6005585132989049,1.7289301230050014,1.225862617507615
2020-04-25,MT,2947226,1.1270348710317466,1.6349286103643093,1.7349221132679846,1.3073964584218438
2020-04-26,MT,2947226,1.668388608457814,1.6660944667555433,1.7482468810074114,1.380285590945578
2020-04-27,MT,2947226,1.4202937185407618,1.6826760124051845,1.7638305637126206,1.4515098340469974
2020-04-28,MT,2947226,1.7560878811226115,1.6964352054006095,1.7753286892847142,1.5040094917658031
2020-04-29,MT,2947226,1.9147758896005704,1.7075343125477045,1.7875748219080063,1.5469914747647011
2020-04-30,MT,2947226,1.5866095122252175,1.7180002086581228,1.7985943473280834,1.5689965007633786
2020-05-01,MT,2947226,1.4727183210506218,1.7240547885054716,1.8049413980592333,1.5732159271301156
2020-05-02,MT,2947226,1.2050496541491102,1.7319092587926097,1.808372277344277,1.5766349558505262
2020-05-03,MT,2947226,1.2966621642764151,1.7376257393127577,1.8117493787069447,1.5789061586152555
2020-05-04,MT,2947226,1.505114564172621,1.7399225703883612,1.816384233007456,1.6036729917465016
2020-05-05,MT,2947226,1.9303550084805687,1.7427254308764386,1.81950549678657,1.6414080707346033
2020-05-06,MT,2947226,2.237223343737523,1.7451171458586898,1.8215328552721592,1.6482355092149346
2020-05-07,MT,2947226,2.1668046804180148,1.748595580141015,1.8234853668263116,1.6486444528696915
2020-05-08,MT,2947226,1.9390397554102632,1.7492057485590566,1.8251817636780208,1.6487778364473633
2020-05-09,MT,2947226,2.107311167688807,1.7502993199513175,1.8262974298565224,1.6489217445782385
2020-05-10,MT,2947226,2.1881755863248675,1.7513651952379947,1.8308352204250569,1.6487324422221017
2020-05-11,MT,2947226,2.1226764858583294,1.7519109744951609,1.833686781311454,1.6487585116628778
2020-05-12,MT,2947226,2.027014943517404,1.7521538934429557,1.8340220200832928,1.648668079389374
2020-05-13,MT,2947226,2.1158551945161457,1.7521910394454276,1.8342012881356469,1.6486026789266952
2020-05-14,MT,2947226,2.0051591219035285,1.7504317153413014,1.8342900446363608,1.6340697386109753
2020-05-15,MT,2947226,1.6722284776470262,1.7482809743046022,1.83426097572871,1.593079941811031
2020-05-16,MT,2947226,1.4953128882942088,1.7482142837437475,1.8341900182135689,1.5326178208262466
2020-05-17,MT,2947226,1.4263725262167315,1.7480799277788337,1.8341021205487624,1.497787822423569
2020-05-18,MT,2947226,1.3918211929696798,1.7479435755448869,1.8339824741520767,1.469116703033564
2020-04-10,MS,1913791,1.5623476676710737,1.3695649217814445,1.4448698200353718,1.3110988581716705
2020-04-11,MS,1913791,1.2676932085706625,1.3648159820589942,1.4402698234407474,1.3053568425847546
2020-04-12,MS,1913791,0.9853172060977484,1.3610356301980842,1.436745317159608,1.30086928755439
2020-04-13,MS,1913791,0.7520687573526144,1.3582377642513754,1.4340601009686087,1.296282450273215
2020-04-14,MS,1913791,1.1452140364329857,1.355604933271099,1.4319190140113744,1.2960254232538488
2020-04-15,MS,1913791,1.2802017254205729,1.354119619031565,1.4302174818250957,1.2931380834161663
2020-04-16,MS,1913791,1.1095995280962248,1.3525718805829972,1.4289558143155934,1.2909711187963049
2020-04-17,MS,1913791,1.043222248648824,1.3511575559852358,1.4279797417963898,1.289640860315255
2020-04-18,MS,1913791,1.0775630600193944,1.3503498280488455,1.427082240670512,1.2888623043059528
2020-04-19,MS,1913791,0.9733127348495716,1.3499277158189025,1.4265487573028048,1.2884359035281563
2020-04-20,MS,1913791,0.8303037274832266,1.3496306118162074,1.4291401602743092,1.2879904700857299
2020-04-21,MS,1913791,1.3458842418545478,1.3492600465624431,1.4230214749053236,1.2875039132409696
2020-04-22,MS,1913791,1.1903838435390917,1.3489194249244425,1.4249266755496532,1.2871666328531477
2020-04-23,MS,1913791,1.2149415372725132,1.3487202589541876,1.4252447427257822,1.2868668693619372
2020-04-24,MS,1913791,1.2781911086716622,1.3485366091028586,1.4250149683460576,1.2867449804432387
2020-04-25,MS,1913791,1.2026874981938265,1.3484016510423216,1.4251567865575043,1.2866042522831167
2020-04-26,MS,1913791,1.2987391890011488,1.3491858101152423,1.4247234368418047,1.286447035855543
2020-04-27,MS,1913791,0.8951411395681691,1.3482132421775477,1.4246735665157595,1.2871082492773875
2020-04-28,MS,1913791,0.8044289623837809,1.3481777831464032,1.4325322816986483,1.2864972713537741
2020-04-29,MS,1913791,0.8071497648397472,1.3531371073271163,1.4955157989460357,1.2877098938015905
2020-04-30,MS,1913791,0.8170476080546328,1.354737008650475,1.5982100009960398,1.2880156652834536
2020-05-01,MS,1913791,0.9142213935256068,1.3570690268410102,1.7000505761955491,1.2970457185817832
2020-05-02,MS,1913791,0.8437112483593161,1.3932613810461536,1.7794644908480988,1.3078566431979906
2020-05-03,MS,1913791,0.7727059935999313,1.5016133227009532,1.8438623101395202,1.3337061724512116
2020-05-04,MS,1913791,1.5368634351735673,1.6381028087862513,1.8915985980282333,1.3516518609388513
2020-05-05,MS,1913791,1.9932535307710304,1.7264745268032289,1.9204538721868027,1.4200386335084878
2020-05-06,MS,1913791,2.5389387183486716,1.7978189056035296,1.9634380847448865,1.5254395021321818
2020-05-07,MS,1913791,2.7647356873743894,1.8492839426636656,1.981572145650726,1.6527156869204132
2020-05-08,MS,1913791,2.8548743048321548,1.8982334484458887,2.004786294771149,1.7460398813309477
2020-05-09,MS,1913791,2.7649663671617035,1.9211072905205369,2.042258465669324,1.796048762981278
2020-05-10,MS,1913791,2.4651163207052016,1.9436510139080176,2.07260783883628,1.824811441735392
2020-05-11,MS,1913791,2.197221523530017,1.9634189329119704,2.0992917537614644,1.8344173783465758
2020-05-12,MS,1913791,1.988749980647906,1.975177493955401,2.1226453227367696,1.854087100214464
2020-05-13,MS,1913791,1.9680463036682547,1.982500412100064,2.139773389620623,1.8620384679771569
2020-05-14,MS,1913791,2.305491542568223,1.988670543379924,2.1514700813191983,1.8640056173783528
2020-05-15,MS,1913791,2.289732451121595,1.9911085635305368,2.159080431983956,1.8653242598321973
2020-05-16,MS,1913791,2.020428052526656,1.995109627915816,2.1801781516207352,1.8661374752363675
2020-05-17,MS,1913791,2.0718707769461826,1.998150870368676,2.1864393261177044,1.8667283384098723
2020-05-18,MS,1913791,1.868398494339864,2.001260737835194,2.1894940726268004,1.8671100602010318
2020-03-26,MG,18822799,0.7648983221041924,1.9211717176971863,2.5582177418479892,1.6613751593383104
2020-03-27,MG,18822799,1.9764373517976324,1.7942492724925232,2.4751029768572543,1.6193147806204748
2020-03-28,MG,18822799,2.282740709407519,1.7066738784615292,2.474683532232738,1.5891969056368036
2020-03-29,MG,18822799,2.0503222755370003,1.649705249214242,2.468263249779188,1.5643637220571411
2020-03-30,MG,18822799,2.372570024999816,1.6128223838188578,2.428725254657732,1.5479084240635737
2020-03-31,MG,18822799,2.260787016582686,1.5863760293117686,2.379541682424261,1.535495800848902
2020-04-01,MG,18822799,2.1798593939686732,1.5668243451395667,2.3636058421298944,1.5236425781452514
2020-04-02,MG,18822799,2.5325352574132234,1.553289776718864,2.2599186901136066,1.5151475989201548
2020-04-03,MG,18822799,2.3816816992657577,1.5446549104376808,2.1832229414265583,1.5097591108433956
2020-04-04,MG,18822799,2.199966990377861,1.5375369975889468,2.0649091697831983,1.5045072627117837
2020-04-05,MG,18822799,1.8956009935259948,1.5328610105684108,2.020902262882975,1.500174764816689
2020-04-06,MG,18822799,1.8916577821231075,1.528915741232115,1.887823471364636,1.4970398362146733
2020-04-07,MG,18822799,1.7256408328152273,1.526772190011538,1.7656532051923084,1.4957627229602517
2020-04-08,MG,18822799,1.5839395844204989,1.5235773573998077,1.6830277878027309,1.4942150208168343
2020-04-09,MG,18822799,1.580507501757929,1.5212826960812822,1.6250596116444926,1.4926325807766738
2020-04-10,MG,18822799,1.3466912371619808,1.519202172898778,1.5832723196942655,1.4919157657627475
2020-04-11,MG,18822799,1.432382743489377,1.5148595251078358,1.5551436118734825,1.4909519180188016
2020-04-12,MG,18822799,1.2327127772471,1.5131949617111848,1.5412395004580075,1.4884751194921946
2020-04-13,MG,18822799,1.328087457429158,1.5109105733602997,1.539361349949661,1.4889526031631355
2020-04-14,MG,18822799,1.2947051245465129,1.508684129363812,1.5435879741230532,1.4824182769624883
2020-04-15,MG,18822799,1.2651427855927109,1.5038835940190771,1.5365462028439691,1.4832409268166198
2020-04-16,MG,18822799,1.4708900245866765,1.50451961801074,1.5338335696322816,1.482207978823228
2020-04-17,MG,18822799,1.2378955543008088,1.5027841005799316,1.5415781598920075,1.4780743851378082
2020-04-18,MG,18822799,1.3137426405374757,1.5011389799114256,1.5380843401414706,1.478007493797096
2020-04-19,MG,18822799,1.2030875088181192,1.5010959534404738,1.5372272092661272,1.4788514595068516
2020-04-20,MG,18822799,1.0331874975012436,1.501816229429692,1.5369716503785,1.478667657747779
2020-04-21,MG,18822799,1.218912616395063,1.5018660862118014,1.5380177486897422,1.4768592525384054
2020-04-22,MG,18822799,1.2116848208395006,1.502161422609133,1.537380772297705,1.4764842429492442
2020-04-23,MG,18822799,1.3177134933995618,1.500337687805847,1.5368203797355133,1.4756387834908826
2020-04-24,MG,18822799,1.2281864255509345,1.4996284729265557,1.5371381971389315,1.4771436535486009
2020-04-25,MG,18822799,1.2841976622946225,1.5003097301938375,1.5370741907030547,1.4751475355016797
2020-04-26,MG,18822799,1.5962993327706017,1.500566345780412,1.536916942390425,1.4727981991192172
2020-04-27,MG,18822799,1.3969342208379465,1.5007292864879849,1.5370918971463958,1.4749645967214633
2020-04-28,MG,18822799,1.4848930078029747,1.5008750045664287,1.5369621171113776,1.4752860675934212
2020-04-29,MG,18822799,1.4912411464224575,1.500559267856214,1.5368128139380357,1.475391237989734
2020-04-30,MG,18822799,1.6012462725848184,1.5008341795850804,1.5369905153775019,1.4753623350360958
2020-05-01,MG,18822799,1.4303698933786595,1.5005544967358315,1.5368600445598155,1.4732084846250564
2020-05-02,MG,18822799,1.3474471035357531,1.5004713697480674,1.5368698742715932,1.4739220211995394
2020-05-03,MG,18822799,1.5712217028172109,1.5003614100540883,1.5366188784708192,1.4749878786160826
2020-05-04,MG,18822799,1.5322488203101794,1.5003013402742882,1.5367674073691049,1.4750280413300847
2020-05-05,MG,18822799,1.6917208266741577,1.5005388222051803,1.5365158205573402,1.4750485314832562
2020-05-06,MG,18822799,1.7638209461271908,1.49996577093366,1.5364052161082749,1.4747558434401538
2020-05-07,MG,18822799,1.8049217059477656,1.4998678490996715,1.5363376463559155,1.4746993421459074
2020-05-08,MG,18822799,1.61661412520256,1.5001756012557532,1.5363496741472753,1.4747687882556282
2020-05-09,MG,18822799,1.4086352122573278,1.5001573254462883,1.5363444232028909,1.474725393152186
2020-05-10,MG,18822799,1.5813196230808615,1.499921769532354,1.5362745772748854,1.4746061368023105
2020-05-11,MG,18822799,1.5466892495223197,1.4997002072006191,1.5361468417460689,1.4745761023400905
2020-05-12,MG,18822799,1.5872228710476033,1.4997942740551793,1.5360734748441267,1.4744810284453431
2020-05-13,MG,18822799,1.6698250419523812,1.4997893169374932,1.5359777972275617,1.4744002558580491
2020-05-14,MG,18822799,1.6321627553500035,1.4996964649490112,1.5359786344935498,1.4743182576163465
2020-05-15,MG,18822799,1.4580022574680191,1.4996564595029636,1.535928578496942,1.474204818691093
2020-05-16,MG,18822799,1.345279356002275,1.4995561880393324,1.535860700776781,1.4741494702750542
2020-05-17,MG,18822799,1.3681476379646562,1.4994653407586225,1.5357927719644195,1.4740544174860952
2020-05-18,MG,18822799,1.3688028695593508,1.4993439191322788,1.5357056875572423,1.473986277553236
2020-04-13,PA,7330774,2.828034899707476,2.5582200958155514,2.809096982264629,2.4105730148463125
2020-04-14,PA,7330774,2.821189805717624,2.556847992530852,2.8081206162972308,2.4083044273501613
2020-04-15,PA,7330774,2.3756022434469704,2.5549186864234947,2.806237117862973,2.4072156269323512
2020-04-16,PA,7330774,2.215110646394748,2.5539786591647795,2.8056485607509636,2.4061481036646826
2020-04-17,PA,7330774,2.7592501176535795,2.5535144035261466,2.805511050919054,2.405427764021579
2020-04-18,PA,7330774,2.535123221689954,2.553035651091537,2.8051142781761436,2.40493410648296
2020-04-19,PA,7330774,2.8315815180769675,2.55288673266107,2.8047099322296143,2.4047393827876533
2020-04-20,PA,7330774,2.5940183868913373,2.548832538001812,2.7556074440092257,2.4041277213364007
2020-04-21,PA,7330774,3.2902813477151667,2.5431547360652966,2.728172153539377,2.345315852615706
2020-04-22,PA,7330774,2.9249841059123423,2.5146392671846733,2.6840150095871707,2.2584671075197957
2020-04-23,PA,7330774,3.0162242393994485,2.4701705675895687,2.68377948984784,2.177989592309621
2020-04-24,PA,7330774,2.651005680101412,2.403729698647409,2.6301775228014663,2.1232076677236824
2020-04-25,PA,7330774,2.19596786897764,2.308125853464912,2.5679629185226243,2.0858409381298317
2020-04-26,PA,7330774,2.1750490791895403,2.204957604536005,2.4391666197760085,2.062522872160578
2020-04-27,PA,7330774,2.2282518057144927,2.1358893600454567,2.3160967539158688,2.0427263370391597
2020-04-28,PA,7330774,2.419694140608312,2.0850024249072434,2.266858964288861,2.02638133567418
2020-04-29,PA,7330774,2.120711859536174,2.056149220324837,2.1895614845090487,2.01252284700704
2020-04-30,PA,7330774,1.993918030322538,2.0366134275831724,2.130402295006406,2.0005706298860457
2020-05-01,PA,7330774,1.9874335727994616,2.0217303039451435,2.094551962488284,1.9867884403088665
2020-05-02,PA,7330774,1.9923376055575728,2.0112902413774294,2.0688031315232043,1.9769041071919844
2020-05-03,PA,7330774,1.8801366538305089,2.0021080010986587,2.04366832953584,1.9690572692905688
2020-05-04,PA,7330774,1.712714318989074,1.9974749236079303,2.028294119244593,1.9632930172215783
2020-05-05,PA,7330774,1.8037434787587696,1.9930325594749057,2.0258092394587086,1.9579274417600119
2020-05-06,PA,7330774,1.86107675127949,1.9897170542808709,2.0239543013603893,1.9541018144032207
2020-05-07,PA,7330774,1.788510566107721,1.9880809376895443,2.0225631379627647,1.9509039603937293
2020-05-08,PA,7330774,1.8559351373142552,1.98673172493012,2.0213392831478365,1.9484279634209576
2020-05-09,PA,7330774,1.9455218841904007,1.9856176354364727,2.0209099483372617,1.9464481062797487
2020-05-10,PA,7330774,2.2128461619395803,1.984554208644405,2.0197963925634568,1.94409552174562
2020-05-11,PA,7330774,2.2000030315930768,1.9835047671593435,2.0189225014457426,1.942688300596176
2020-05-12,PA,7330774,2.131175849263294,1.9824795561763289,2.018004625432168,1.9414094491874847
2020-05-13,PA,7330774,2.0683562280894026,1.9813637799007604,2.0170193103263,1.9402100254874293
2020-05-14,PA,7330774,1.803778711038544,1.98019694046172,2.015951501583118,1.93900799175962
2020-05-15,PA,7330774,1.7377190133279603,1.9789913232255896,2.014800377732428,1.9377872963426241
2020-05-16,PA,7330774,1.260661926387283,1.9776864310433329,2.0135583771758934,1.93651422941726
2020-05-17,PA,7330774,1.9004014242010148,1.9762867486564224,2.012196151204872,1.9351658397345828
2020-05-18,PA,7330774,1.9343463123383209,1.974774735379752,2.010684807648204,1.933706768334032
2020-04-16,PB,3191981,2.1239381911027206,2.223305754966792,2.4439731594448943,2.060654147326936
2020-04-17,PB,3191981,1.8877264595730765,2.2207654016150347,2.4420776504975463,2.059396104132265
2020-04-18,PB,3191981,2.2507905054247015,2.2197805201780016,2.4417787674638856,2.0581380120516832
2020-04-19,PB,3191981,2.2426722582421394,2.219187066325282,2.4411332179378253,2.0577857684748944
2020-04-20,PB,3191981,2.3926701682358007,2.2190155658467203,2.441136524856604,2.056638657483568
2020-04-21,PB,3191981,2.4564029978779582,2.2187403167053708,2.441057822548637,2.056392678384744
2020-04-22,PB,3191981,2.7419194395878086,2.218757361850941,2.4410857671092847,2.0558250382580456
2020-04-23,PB,3191981,2.4082359147783454,2.218762299923089,2.441352878859749,2.0557032682719463
2020-04-24,PB,3191981,2.2742862839045275,2.2153463300080443,2.440801298472872,2.0553914352384766
2020-04-25,PB,3191981,2.2928334879804657,2.211360834720184,2.4405386284343082,2.0552008109263853
2020-04-26,PB,3191981,2.494795577962168,2.2086292558271365,2.4403377837629296,2.0545915612463306
2020-04-27,PB,3191981,2.3884836975484287,2.208636877212517,2.431092945699887,2.054388243069924
2020-04-28,PB,3191981,2.4032040271384285,2.206893280608289,2.4161957447422924,2.0543456162744334
2020-04-29,PB,3191981,2.444059903617419,2.2051512894587897,2.3804346389536097,2.054269226215077
2020-04-30,PB,3191981,2.2038088839610057,2.197245599653983,2.3556087875437584,2.0541138449238896
2020-05-01,PB,3191981,2.011294897127675,2.1783565090875467,2.3424579655334403,2.054015524611628
2020-05-02,PB,3191981,1.8816848377852755,2.1669260007677567,2.3266834747438208,2.053423670443704
2020-05-03,PB,3191981,2.091178284983952,2.1664126992798183,2.3263201285505306,2.0514696028817783
2020-05-04,PB,3191981,2.162337659414301,2.1601696809611397,2.3259346469479496,2.0499555878911
2020-05-05,PB,3191981,2.1539876817783457,2.1514656545067568,2.287405393745681,2.047921206838274
2020-05-06,PB,3191981,2.0444233203481805,2.138818447495833,2.249324147935215,2.041986450800432
2020-05-07,PB,3191981,2.060217355830231,2.1241489345304463,2.2448889829281367,2.0393148491893016
2020-05-08,PB,3191981,2.036181712908405,2.103333626515014,2.24439926928489,2.0350479952275817
2020-05-09,PB,3191981,1.9426599258049733,2.09843957520934,2.240956080522331,2.030130431625466
2020-05-10,PB,3191981,1.991225810690738,2.0917318753947995,2.2403961456347785,2.024583065209687
2020-05-11,PB,3191981,2.0839164236526293,2.087398253550261,2.239779779527047,2.0165133466633893
2020-05-12,PB,3191981,2.4163726985146834,2.086711239646215,2.2390529711661618,2.008391404862321
2020-05-13,PB,3191981,2.3752825774919635,2.079875761884358,2.2312567732945725,2.0016807270896555
2020-05-14,PB,3191981,2.0691768884192303,2.073401019859336,2.2008859961888882,1.996623106505211
2020-05-15,PB,3191981,2.0622628228948203,2.061138888094632,2.130010271526916,1.979781845786655
2020-05-16,PB,3191981,2.085391877972953,2.042872384917942,2.1208492025251013,1.9422811431475275
2020-05-17,PB,3191981,1.9722631842635177,2.0350673419336704,2.11968305974983,1.9140807013396768
2020-05-18,PB,3191981,1.6829285528735836,2.029527798092724,2.118368209505872,1.874526929258568
2020-03-28,PR,9589761,2.3745398326744516,2.836878937197844,3.5000065957504507,2.399389672802767
2020-03-29,PR,9589761,3.0959768945602124,2.8291499259335264,3.4082254936285308,2.375251535526335
2020-03-30,PR,9589761,2.9727519036510324,2.820296094924021,3.3411892563786862,2.286401417860929
2020-03-31,PR,9589761,3.077278077611379,2.795021530687306,3.296629442432157,2.276615944192544
2020-04-01,PR,9589761,3.3211291514850627,2.7476737997539438,3.2280838903174787,2.025300741808392
2020-04-02,PR,9589761,3.058855427635277,2.5195833338551585,3.0389378135631406,1.7360134382175358
2020-04-03,PR,9589761,2.5602101293740382,2.1958864333978045,2.7679826958530067,1.5516897687922544
2020-04-04,PR,9589761,2.0708604872591923,1.841851005320462,2.5052977966817287,1.4296540962661397
2020-04-05,PR,9589761,1.8137005128429848,1.6024360762985062,2.2150929131316666,1.3369909040870376
2020-04-06,PR,9589761,1.6652139708669211,1.44686288904507,1.86926225124688,1.275710163008426
2020-04-07,PR,9589761,1.2396954786400158,1.3551120454262775,1.6244776511488268,1.218968796945966
2020-04-08,PR,9589761,1.015018387049516,1.282361670336012,1.4661894789434593,1.1785818910694923
2020-04-09,PR,9589761,1.1302757993215062,1.2291524526534208,1.3571709412373871,1.1459541808868612
2020-04-10,PR,9589761,1.0649843639927683,1.194299181853549,1.2909970880768726,1.1182915571789946
2020-04-11,PR,9589761,1.0726268362450704,1.1690980367773711,1.2515253259623167,1.091220681859629
2020-04-12,PR,9589761,0.8539164818610832,1.148170832052597,1.2288953407445096,1.0709852856611233
2020-04-13,PR,9589761,0.8194477513809546,1.1331852291451878,1.208091066413295,1.0511348931689213
2020-04-14,PR,9589761,0.9774194283984354,1.1216905090813918,1.2006538517722145,1.0349156464444291
2020-04-15,PR,9589761,1.1425940886329309,1.1132223378770627,1.1953173809635884,1.0226988705309965
2020-04-16,PR,9589761,1.1873355627882949,1.1072941921811164,1.1913786133896602,1.01328802994898
2020-04-17,PR,9589761,1.0317490739927633,1.1018455252604131,1.1884137223474367,1.0060613924295525
2020-04-18,PR,9589761,1.0506122127546107,1.097735095925187,1.185346673987368,1.0004929026092255
2020-04-19,PR,9589761,1.1503333803928475,1.094579022572451,1.1829015322510146,0.9961803525589352
2020-04-20,PR,9589761,1.024746936283932,1.0915851783688602,1.1808210640507724,1.002231368343176
2020-04-21,PR,9589761,0.8003193753901311,1.089864191030702,1.1793134586394056,1.0126526423339708
2020-04-22,PR,9589761,0.7391433053850124,1.0904431531065382,1.1782051732254453,1.014640823229457
2020-04-23,PR,9589761,0.7656212819573782,1.0893708490299978,1.1870124427971618,1.0127145962370774
2020-04-24,PR,9589761,0.8316766647326426,1.0885562093943038,1.207085036026427,1.0112159926389446
2020-04-25,PR,9589761,1.1466493356166616,1.0879162836530196,1.206841134626657,1.0100474078808006
2020-04-26,PR,9589761,1.5792809839964157,1.0874206311375536,1.206659795295617,1.0091337148197426
2020-04-27,PR,9589761,1.6779236131112392,1.0870461534835123,1.2064926631810824,1.0084214228268689
2020-04-28,PR,9589761,1.6907454152713417,1.0867754277332384,1.2063424992995553,1.0078644385993467
2020-04-29,PR,9589761,1.7073170132502569,1.0865679556084995,1.206202089761576,1.0074282616686163
2020-04-30,PR,9589761,1.5929722940112785,1.086383960767618,1.2061694487241392,1.0070858368350992
2020-05-01,PR,9589761,1.2727636102091922,1.0862259612855358,1.2060273906781585,1.0069322760033943
2020-05-02,PR,9589761,0.9578913840553176,1.087496594525239,1.2059761294342373,1.0070718181917382
2020-05-03,PR,9589761,0.8376100124038263,1.0883546673853062,1.2154427297304848,1.010709932440795
2020-05-04,PR,9589761,0.7969699978380493,1.0883303942238067,1.2656614632049803,1.018919080812672
2020-05-05,PR,9589761,0.8819197989012492,1.095889771387777,1.3419408789994405,1.0306775319302983
2020-05-06,PR,9589761,1.0320525016250717,1.0994774943142829,1.3799556785738374,1.0322459320154544
2020-05-07,PR,9589761,1.0623453672309455,1.1184746013857978,1.4272094267857136,1.038230204845143
2020-05-08,PR,9589761,1.021824984010717,1.1249400429260392,1.4708960623758238,1.043220309859314
2020-05-09,PR,9589761,1.1422384649317572,1.1509807057371395,1.5309405160855034,1.043195158923167
2020-05-10,PR,9589761,1.4045251535685497,1.1735655725746232,1.57831773385329,1.0694629068457429
2020-05-11,PR,9589761,1.4142061483347363,1.334895465867648,1.637079934211868,1.09556992884236
2020-05-12,PR,9589761,1.3796824314605844,1.4922257335779836,1.6916518630742263,1.104668798715958
2020-05-13,PR,9589761,1.5313346142612243,1.600285555462325,1.739050517201469,1.1286053463979828
2020-05-14,PR,9589761,1.5493800022700626,1.6765550069243838,1.8293305344299915,1.1587858518793073
2020-05-15,PR,9589761,1.5363139925389366,1.7361327104615492,1.933871261433854,1.1843434570830562
2020-05-16,PR,9589761,1.6206600838750849,1.7893113250256565,2.013313728545085,1.2689975050112814
2020-05-17,PR,9589761,1.7069362275293063,1.8167731514733931,2.0667479800637203,1.4084939218249102
2020-05-18,PR,9589761,1.977476388640789,1.891463573380448,2.1213017879160274,1.5841221763626987
2020-04-09,PE,8010013,4.026458470664696,2.7596711377637506,3.3273704837594136,2.255096112389801
2020-04-10,PE,8010013,3.3207685620092167,2.7601562455025177,3.2733918852976363,2.2543693007085563
2020-04-11,PE,8010013,3.0351777848022987,2.7494207848688976,3.2663911210581853,2.2537974501155222
2020-04-12,PE,8010013,2.5210604754409465,2.6865646620531405,3.0964681038780952,2.239891562060923
2020-04-13,PE,8010013,2.3365782772703607,2.5578380175123856,3.0648199458780216,2.134455699016337
2020-04-14,PE,8010013,2.3885240631498355,2.364695212900948,2.941379322234914,1.941309871310458
2020-04-15,PE,8010013,2.040547802103527,2.3195299400232283,2.8753427998719414,1.81723978485283
2020-04-16,PE,8010013,1.9519420994700765,2.290821556468308,2.722945742327192,1.735182488967231
2020-04-17,PE,8010013,1.7711975017662236,2.201282138854124,2.466327164383891,1.6790644892343405
2020-04-18,PE,8010013,1.6248734962389932,1.9721411688989423,2.42126332271769,1.637860384272492
2020-04-19,PE,8010013,1.6825187561665549,1.821178116126303,2.372997310916936,1.6038533363773615
2020-04-20,PE,8010013,1.5627795893726808,1.7283237174984456,2.372603662916476,1.5820974270540238
2020-04-21,PE,8010013,3.060109716799469,1.6650469513825583,2.371751019625152,1.5681334133792872
2020-04-22,PE,8010013,3.1458199039639427,1.6162508865296803,2.371371676847524,1.5547529042584936
2020-04-23,PE,8010013,1.6452427688361009,1.5823621177385818,2.322589725898128,1.5407806976661118
2020-04-24,PE,8010013,1.6396610408084282,1.5637250730661207,2.085710213087995,1.5223596248803417
2020-04-25,PE,8010013,1.4983360321489343,1.5528412509914755,1.8916151696713703,1.5119873648283142
2020-04-26,PE,8010013,1.4541983071491087,1.5445060435660325,1.7612165707613892,1.5043748705162376
2020-04-27,PE,8010013,0.8256439891973664,1.5381894070204734,1.6724394684325294,1.4986116163967118
2020-04-28,PE,8010013,0.6282702285893345,1.533117764236919,1.608891546822116,1.4945730995496231
2020-04-29,PE,8010013,1.6421367303626124,1.5270689864697642,1.5654807337839207,1.4908422656773623
2020-04-30,PE,8010013,1.6326316209290692,1.5160091184544109,1.5444626661623595,1.4849896649620815
2020-05-01,PE,8010013,1.490200969363645,1.5061776025692781,1.5413433974155213,1.4744454640594182
2020-05-02,PE,8010013,1.6581716316178683,1.4981308600521095,1.5405503395333164,1.4610936751584302
2020-05-03,PE,8010013,1.2682908319641086,1.4943202067205923,1.5399018949739585,1.4527651761548763
2020-05-04,PE,8010013,1.475351308514081,1.4916687691384785,1.5393475330900208,1.4450734093309785
2020-05-05,PE,8010013,1.7119668067713316,1.4891323734353454,1.5388379073383145,1.4395855517516654
2020-05-06,PE,8010013,1.475283019602472,1.4869747986426962,1.53835680924226,1.4354268601317026
2020-05-07,PE,8010013,1.5948245653032582,1.4860387509312667,1.5379048909231037,1.432260601448059
2020-05-08,PE,8010013,1.357528323790884,1.4852372653237709,1.5373961122237658,1.4298120325827046
2020-05-09,PE,8010013,1.4703527566307468,1.4845234974853565,1.5370013109503762,1.42789800031455
2020-05-10,PE,8010013,1.2619709407482924,1.4838876070423892,1.5366071003391668,1.4263630048464084
2020-05-11,PE,8010013,0.9691380307900456,1.4833021231743686,1.5360643938934542,1.4250956052616954
2020-05-12,PE,8010013,1.1094705587710454,1.4826815446012445,1.5355578455186851,1.4240298370008304
2020-05-13,PE,8010013,1.540381602814285,1.4822241004750996,1.5350392137435869,1.4231136809453715
2020-05-14,PE,8010013,1.6703282666462158,1.4816105533737884,1.5344939260979764,1.4222997088806566
2020-05-15,PE,8010013,1.6204835912460178,1.481024679545783,1.533917540888722,1.4215472488122458
2020-05-16,PE,8010013,1.6758090740975602,1.4803952477600864,1.5333075696893568,1.4208343304249351
2020-05-17,PE,8010013,1.7766173002957284,1.4798657877273411,1.5326675007451371,1.4201502130217345
2020-05-18,PE,8010013,1.8333145542631504,1.4791969022385707,1.5319932615400942,1.4193985307190125
2020-04-25,PI,3271337,2.6258874772615046,2.3409707892135163,2.5853427722131705,1.9975331517518584
2020-04-26,PI,3271337,2.3817372707404467,2.2600114904971127,2.57979027096426,1.9171237778016927
2020-04-27,PI,3271337,2.2230348624879923,2.1377991358956683,2.476650848863044,1.878649470772845
2020-04-28,PI,3271337,2.148039778046212,2.016383314521341,2.3667328737269298,1.8439713775172464
2020-04-29,PI,3271337,2.170402227429969,1.9371664218871845,2.339436860638717,1.8120154735798504
2020-04-30,PI,3271337,1.9798985346844056,1.88406343615008,2.332925771041185,1.7795383333577504
2020-05-01,PI,3271337,1.8009199058717824,1.8513387549382685,2.205145189963869,1.7482894826892652
2020-05-02,PI,3271337,1.7482679619896582,1.8237502934595613,2.0612630105365524,1.7299802219209293
2020-05-03,PI,3271337,1.6323259130380927,1.7980927052089617,1.9623205397960235,1.7189669448060507
2020-05-04,PI,3271337,1.5718715520734143,1.7835076661572289,1.8918620103225243,1.7111680727439254
2020-05-05,PI,3271337,1.6699029154568938,1.7710699547863524,1.8545781115218127,1.700924695522694
2020-05-06,PI,3271337,1.6086304139916938,1.760643425366256,1.838563480716912,1.6952110567171992
2020-05-07,PI,3271337,1.4112337246296671,1.7556547082270482,1.8340176710877016,1.6887395914799872
2020-05-08,PI,3271337,1.4296982320830118,1.7507178675698831,1.8328131894764947,1.6810878729013217
2020-05-09,PI,3271337,1.6508772131313327,1.748025146404515,1.8318527379749068,1.6752532627905985
2020-05-10,PI,3271337,1.772892355337467,1.7460435365514102,1.831100006577812,1.6710076238081015
2020-05-11,PI,3271337,1.6414015977540426,1.7446905370451635,1.8305119249503217,1.667867642695933
2020-05-12,PI,3271337,2.0091005480520816,1.7436765811759267,1.830055999222272,1.6655545961293556
2020-05-13,PI,3271337,2.034783728475933,1.7428819549538748,1.829711505446848,1.6638062784166074
2020-05-14,PI,3271337,1.7217118293266516,1.7422592843556548,1.8294324793360643,1.6620753289875552
2020-05-15,PI,3271337,1.5996452095407083,1.741726624460865,1.82910863213858,1.6605624578315905
2020-05-16,PI,3271337,1.6911702563854798,1.7412422246383046,1.8287501068768413,1.6593916821130392
2020-05-17,PI,3271337,1.6615736420252518,1.740790745762955,1.828394332518381,1.6584789912230904
2020-05-18,PI,3271337,1.6156857301492908,1.7403249243440801,1.8279895299261089,1.6577283485336878
2020-03-29,RJ,10773961,2.3087804332883213,1.8738343830504995,2.848896754784704,1.8116643662908798
2020-03-30,RJ,10773961,3.1881059350264875,1.872228013165876,2.8495535870395865,1.8105874258711316
2020-03-31,RJ,10773961,2.783453424416121,1.8758448046344305,2.8494960624681416,1.8120290434858304
2020-04-01,RJ,10773961,3.0508639195294696,1.8699278198015288,2.7956853567085007,1.8067694498364013
2020-04-02,RJ,10773961,3.1336560265805167,1.8680827753459748,2.7950625797951663,1.8074243576900093
2020-04-03,RJ,10773961,2.6725734191661368,1.86761595462208,2.794889611965824,1.8059704040476767
2020-04-04,RJ,10773961,2.9636815271756967,1.8672133566243645,2.7948175362099263,1.805469714564479
2020-04-05,RJ,10773961,2.4207342145041344,1.866926113468757,2.76205576856281,1.804225404000673
2020-04-06,RJ,10773961,2.635676812328398,1.866450678359675,2.698075083453399,1.8034185783744847
2020-04-07,RJ,10773961,2.346564635325162,1.8669445257936887,2.5916629368521003,1.8035930656715145
2020-04-08,RJ,10773961,1.946684295728864,1.865234898258163,2.5741354090503936,1.8003603524775669
2020-04-09,RJ,10773961,2.3294897033813795,1.8655087318491896,2.4133207452553536,1.7103186106402208
2020-04-10,RJ,10773961,1.8641825781123609,1.8549245613586671,2.341884524620067,1.6399889422571308
2020-04-11,RJ,10773961,1.9093387874646457,1.8536596289994256,2.185482897318918,1.5920927452271691
2020-04-12,RJ,10773961,2.0911074413459985,1.8528413322479416,1.969818685742156,1.55882320691605
2020-04-13,RJ,10773961,1.8413904321158687,1.8500282944467883,1.9046155178398785,1.538015974713527
2020-04-14,RJ,10773961,1.8583973444686133,1.8442726075490223,1.9047391342672324,1.5217808154518508
2020-04-15,RJ,10773961,1.505915767242801,1.8443040768382524,1.9041187026751527,1.5075675463300646
2020-04-16,RJ,10773961,1.4500194618102076,1.8443719761352817,1.904386976947368,1.4958221182289568
2020-04-17,RJ,10773961,1.3358488811371418,1.844353569353164,1.9040561346199016,1.4863256290168818
2020-04-18,RJ,10773961,0.9813420043002012,1.8442138599019624,1.9039843656167816,1.480925796944201
2020-04-19,RJ,10773961,1.1766134305105689,1.844119139002344,1.904022004429887,1.474354503080027
2020-04-20,RJ,10773961,1.392825613070493,1.8442692955690536,1.9040160691580408,1.4719671728760295
2020-04-21,RJ,10773961,1.2822035494930375,1.8439455909069384,1.9039864912488291,1.468700342350941
2020-04-22,RJ,10773961,1.3990537804952043,1.8438286540156168,1.903747534456761,1.4642899451111118
2020-04-23,RJ,10773961,1.6130441871003882,1.843702536507985,1.9036161312259785,1.4601801415433977
2020-04-24,RJ,10773961,1.5410493703956782,1.843602455601568,1.9035232681692724,1.4560301799204658
2020-04-25,RJ,10773961,1.5920028202596874,1.8435006082383243,1.9034538858300711,1.4542305678355176
2020-04-26,RJ,10773961,1.470473228456864,1.8433946372029368,1.9033692728959184,1.4528366683495202
2020-04-27,RJ,10773961,1.8225956921120483,1.84330377165784,1.9033266252535463,1.45176768423498
2020-04-28,RJ,10773961,2.0324266605856423,1.8431216352677435,1.903204008586624,1.450937232854406
2020-04-29,RJ,10773961,1.6911416918570097,1.8429303114536884,1.9030102978797685,1.4502785471110984
2020-04-30,RJ,10773961,1.7873031022652437,1.8427556702542365,1.9028705213281312,1.449754347364924
2020-05-01,RJ,10773961,1.4327702857548683,1.8423567186362344,1.9024005166843727,1.449299182566353
2020-05-02,RJ,10773961,1.2406827795072368,1.842589058566921,1.902622901871155,1.4488879719607546
2020-05-03,RJ,10773961,0.9996652481799916,1.8421724113925482,1.9021329031366483,1.448540737275814
2020-05-04,RJ,10773961,0.9385199672475056,1.8419264104360653,1.9018552004079243,1.4482292668628878
2020-05-05,RJ,10773961,1.6186801195285443,1.8416524468905875,1.9015785285185287,1.4477272898190028
2020-05-06,RJ,10773961,1.6284282254689164,1.8413905070266758,1.9012897905152613,1.4478185859854418
2020-05-07,RJ,10773961,1.5761010446079358,1.8410551930776733,1.9009213351131888,1.4473972391292311
2020-05-08,RJ,10773961,1.9504805964739185,1.8406750179306728,1.9005269289525368,1.4470648532517734
2020-05-09,RJ,10773961,1.9260616614729087,1.840293939457275,1.900075875214165,1.4467628918729851
2020-05-10,RJ,10773961,1.5501899431418869,1.839868874883124,1.899632337497947,1.4462380323665884
2020-05-11,RJ,10773961,1.1807655029754829,1.83942818486758,1.8991258505599613,1.44632540066784
2020-05-12,RJ,10773961,0.957827244680465,1.8389453464625576,1.8985640919121944,1.4458637234073128
2020-05-13,RJ,10773961,1.4145332848246317,1.8384250953028205,1.8979379738777464,1.4454804420079626
2020-05-14,RJ,10773961,0.985625524184484,1.8378399248482544,1.8972392997834728,1.4451142583316443
2020-05-15,RJ,10773961,2.6860882085382056,1.8346183802767209,1.8907028194294933,1.4447398675900476
2020-05-16,RJ,10773961,2.453739239331372,1.8203687900380343,1.8849352200333065,1.4157313153171147
2020-05-17,RJ,10773961,1.991697032392796,1.6251001803934102,1.8619044783261776,1.0549800782365706
2020-05-18,RJ,10773961,1.7703585325088882,1.411077405915972,1.6955207312408094,0.8010718135067614
2020-04-06,RN,2666283,0.8700008607130724,1.6601694936778162,1.847307175793615,1.6232901608432329
2020-04-07,RN,2666283,0.8168611395680165,1.6423460920932822,1.7730393110961231,1.6053792767218649
2020-04-08,RN,2666283,0.4234457992457824,1.6294572076471558,1.7244209305908238,1.5908129317950594
2020-04-09,RN,2666283,1.0497467039474688,1.6209672030807671,1.6888241930602972,1.5804647776569098
2020-04-10,RN,2666283,1.3692717621845774,1.6128072182498947,1.66557434888978,1.5730988470355192
2020-04-11,RN,2666283,1.4002928672133603,1.6072414320142876,1.647984184313501,1.5681822147155675
2020-04-12,RN,2666283,1.3600553733903311,1.59929582489472,1.6382223390013406,1.5628344011883617
2020-04-13,RN,2666283,1.8095914758264369,1.598104475215078,1.6291374275770596,1.5592966072207597
2020-04-14,RN,2666283,1.8381293860640748,1.5932737606962473,1.6278706296815837,1.5559884812878586
2020-04-15,RN,2666283,1.508093119434021,1.5912599889809018,1.6264336491676206,1.55214552938593
2020-04-16,RN,2666283,1.2922023606424733,1.5905107802330416,1.6251969927227619,1.552674886978088
2020-04-17,RN,2666283,1.2015604683106953,1.5896189158432834,1.6249461829271798,1.55136723004137
2020-04-18,RN,2666283,1.3572092193688543,1.5874007029082493,1.623380300520786,1.5505343032456924
2020-04-19,RN,2666283,1.3030382007814658,1.5878284517235068,1.6233370250664765,1.55018573678886
2020-04-20,RN,2666283,1.2647552228904628,1.5878707102298306,1.6232319438091922,1.5493462393935893
2020-04-21,RN,2666283,1.1570616713269446,1.5873158643848515,1.622935617099532,1.5487327331913674
2020-04-22,RN,2666283,1.1558945188383691,1.5870829926558732,1.6228772365194917,1.5479938163736953
2020-04-23,RN,2666283,1.1183441062487716,1.5868277398472002,1.6224732141876332,1.5477668578969586
2020-04-24,RN,2666283,1.116170517752154,1.5866144953802808,1.6223676514952183,1.5474810104284795
2020-04-25,RN,2666283,1.8834356959302665,1.5864259512284264,1.6220960235573083,1.5471377644393127
2020-04-26,RN,2666283,1.9756252695611765,1.5862887626178075,1.6219107499102468,1.5469051242770342
2020-04-27,RN,2666283,2.163794892552367,1.5861626463932113,1.6217717678916963,1.5466411105308706
2020-04-28,RN,2666283,2.078277441956564,1.585986980748229,1.6216319973905395,1.5464915331892692
2020-04-29,RN,2666283,1.9214011444632648,1.5858107171385534,1.6215137742127064,1.54631946865204
2020-04-30,RN,2666283,1.7392517925273143,1.5856158234487332,1.6214151503725422,1.5461407383085564
2020-05-01,RN,2666283,1.466931483766712,1.5854571872675711,1.6212933085276808,1.5459807808636603
2020-05-02,RN,2666283,1.4047784327031343,1.5850913652432477,1.6211447117157571,1.5458108502348358
2020-05-03,RN,2666283,1.341203309794757,1.5851961915807111,1.6210252597062147,1.545647217482929
2020-05-04,RN,2666283,1.1188003002405684,1.5848711160819031,1.6206301215671544,1.545476322897644
2020-05-05,RN,2666283,1.5024616015013077,1.584722875340458,1.6207807604462403,1.5452779844162516
2020-05-06,RN,2666283,1.3488352128208798,1.5845135671850619,1.6203842473551369,1.5450563671548818
2020-05-07,RN,2666283,0.9550791680494428,1.584306834504475,1.6201240124539835,1.5448467831199773
2020-05-08,RN,2666283,1.0031326784582228,1.5839584265135485,1.6198785082990144,1.5443673883536606
2020-05-09,RN,2666283,1.6159286329915878,1.5840381991522292,1.6196292702640678,1.544597426291145
2020-05-10,RN,2666283,1.9899071847543053,1.5835922371242153,1.6193965629681697,1.544161507984514
2020-05-11,RN,2666283,1.9880635583657007,1.5832696718265016,1.619086960873079,1.5438482487283145
2020-05-12,RN,2666283,1.8189290063542007,1.5831922572961286,1.618789087759433,1.5435634154366125
2020-05-13,RN,2666283,1.9790786504259656,1.5827392858312992,1.618453155178211,1.5432537101821144
2020-05-14,RN,2666283,1.7797355823612262,1.5823458569105453,1.618086964572711,1.5429295388478144
2020-05-15,RN,2666283,1.7190245989899562,1.5819543051390237,1.6176787516204856,1.5425706941244193
2020-05-16,RN,2666283,1.7334573467450791,1.58157007315457,1.6172294274733099,1.5422013455986965
2020-05-17,RN,2666283,1.6620963045310195,1.5811797169051631,1.6167827861563435,1.5418061437126689
2020-05-18,RN,2666283,1.7925536062460337,1.5807538480000949,1.616306039048824,1.5413871076693888
2020-03-24,RS,9942472,2.0562171923223067,1.8549582708678447,1.899868735454379,1.8258640406276028
2020-03-25,RS,9942472,1.6839759556922034,1.8261121920973853,1.880213923211728,1.7932579004141054
2020-03-26,RS,9942472,1.1091473664672638,1.8008740483692964,1.8423921076928025,1.7735491429988803
2020-03-27,RS,9942472,1.1903661772766343,1.7851442069177506,1.840712433274824,1.7570776418296423
2020-03-28,RS,9942472,0.986442788950588,1.770032747601601,1.8131901199694664,1.7381643841828094
2020-03-29,RS,9942472,0.9363717038138376,1.7584073142972585,1.797720546480344,1.7278271170048538
2020-03-30,RS,9942472,1.5179710751823323,1.751513652042199,1.7918379376256577,1.7181380885231832
2020-03-31,RS,9942472,1.9280460049291068,1.745944117571224,1.7872254007192492,1.708045123015101
2020-04-01,RS,9942472,1.7651774569356706,1.7436848511399308,1.7858213984258784,1.706553520911791
2020-04-02,RS,9942472,2.0609564712572443,1.7402352191706307,1.7816574638259748,1.6996240488161969
2020-04-03,RS,9942472,2.428416880920796,1.7380314976236573,1.7806884773071807,1.6965522826059618
2020-04-04,RS,9942472,2.5486935811622886,1.7365384691915289,1.7786780517515537,1.6953438727918524
2020-04-05,RS,9942472,2.098569589255503,1.7354342594498158,1.7772167714177267,1.6956047775651342
2020-04-06,RS,9942472,1.955280728231348,1.7342349375747688,1.7795047711773515,1.6924261033623649
2020-04-07,RS,9942472,1.7941714099438637,1.734703470268694,1.7886510711155572,1.6863450664848143
2020-04-08,RS,9942472,1.3011528020882277,1.731620741008321,1.7769262649330138,1.6895442020179594
2020-04-09,RS,9942472,0.968171341040242,1.7303311263894634,1.7721306406651405,1.6908276017784059
2020-04-10,RS,9942472,0.7957885244208655,1.7315450809023682,1.772460478673244,1.6946377500171317
2020-04-11,RS,9942472,0.8232808263828523,1.7317711014590795,1.7758938479996953,1.6896513875054149
2020-04-12,RS,9942472,0.7166809482573837,1.7312532249776456,1.7743936873274833,1.6895244792883966
2020-04-13,RS,9942472,0.8669293403701475,1.7311503680867737,1.7740804752585602,1.6893657796186292
2020-04-14,RS,9942472,1.1258421108622358,1.730793889732345,1.7735521404526602,1.6892223472055905
2020-04-15,RS,9942472,1.224808932701665,1.730995717612324,1.7735479952626978,1.6891994439802775
2020-04-16,RS,9942472,1.167608791221326,1.7304717569043169,1.7737247810819907,1.6891820219443243
2020-04-17,RS,9942472,1.1153261430888382,1.7306486048539125,1.773932364646166,1.6891824770705646
2020-04-18,RS,9942472,1.027728742049546,1.7306393150579034,1.7736953572961909,1.6892974957337876
2020-04-19,RS,9942472,1.2438020224547337,1.7304586087773868,1.7738790821455177,1.6892546412306508
2020-04-20,RS,9942472,1.4526972863880414,1.7304047561370042,1.7738435734438114,1.6889946168563204
2020-04-21,RS,9942472,1.6805928821252578,1.730376932065128,1.7736171212854064,1.6891916742730555
2020-04-22,RS,9942472,2.002197223120336,1.7302522108989664,1.7735204707729684,1.6889790098225888
2020-04-23,RS,9942472,2.0100930258376573,1.7302507008652048,1.7732351218574722,1.6888906392694838
2020-04-24,RS,9942472,2.06758681364903,1.7301943043561494,1.773310576813699,1.6890251938796914
2020-04-25,RS,9942472,2.110819702774085,1.7301585543264206,1.7732951475829932,1.6891342057214032
2020-04-26,RS,9942472,1.93420214116925,1.7302614004858374,1.7732645657130242,1.688463717367604
2020-04-27,RS,9942472,2.0217141943856936,1.7302166139482351,1.7732985230560994,1.6888200929140122
2020-04-28,RS,9942472,1.9161954971032784,1.7302018583504926,1.7732873517359304,1.6885600440385633
2020-04-29,RS,9942472,1.7657941162185282,1.7301669881897659,1.7733371522538817,1.6882295113296997
2020-04-30,RS,9942472,1.510393021496202,1.7301140878183865,1.7733222740157863,1.6887042539525865
2020-05-01,RS,9942472,1.3698937377740457,1.7302721121788056,1.7732001217757165,1.6884902310472458
2020-05-02,RS,9942472,1.8911298736277111,1.7301591957308544,1.7731798995719066,1.6884045341897558
2020-05-03,RS,9942472,1.6483870817799435,1.7301022825133,1.7731249996234102,1.6883882914285195
2020-05-04,RS,9942472,1.5137426762873238,1.7300495546689554,1.772598969669156,1.6882914128965645
2020-05-05,RS,9942472,2.0578362775180605,1.7298555943755156,1.7752971999107308,1.688402541457357
2020-05-06,RS,9942472,1.9374945696902952,1.7297789190213315,1.7748383706340198,1.6882182209870011
2020-05-07,RS,9942472,1.675009578533504,1.72965732731708,1.7746040122684146,1.68824022215197
2020-05-08,RS,9942472,1.4658584113127158,1.7294872922586897,1.7745269937832633,1.6877316294163824
2020-05-09,RS,9942472,1.4076123943350534,1.7299341320004689,1.7744136268111637,1.6878562610167192
2020-05-10,RS,9942472,1.2955580286524138,1.7298306567939992,1.7742848901301682,1.6877539908647154
2020-05-11,RS,9942472,0.9002354555274543,1.7297235445678076,1.7930017133033953,1.6876643419004411
2020-05-12,RS,9942472,1.759273431418047,1.7300417669878727,1.810869668729843,1.687505351606792
2020-05-13,RS,9942472,1.6825404349317583,1.7298096480952552,1.8569342971288263,1.687811814227525
2020-05-14,RS,9942472,1.2635847120599313,1.7332223007621117,1.9023935526275093,1.6967556195217317
2020-05-15,RS,9942472,1.0945737245794802,1.7372663988420198,1.9950395713558275,1.6987646347799497
2020-05-16,RS,9942472,1.0410489267746146,1.7417228464260035,2.088635419039887,1.7078932877855464
2020-05-17,RS,9942472,2.4697754045205738,1.8257353232525555,2.182380581762495,1.7238170945647642
2020-05-18,RS,9942472,2.185440172459088,2.0925678346853056,2.3925336208334183,1.742880619201006
2020-04-19,RO,1254734,1.286944750544362,1.6827410861589502,2.205435967526645,1.534360799528867
2020-04-20,RO,1254734,1.395780992461499,1.6705276156066984,2.165009634041052,1.5343447331411697
2020-04-21,RO,1254734,1.8027964016570008,1.6649514257164142,2.1305991054547047,1.5333826866850888
2020-04-22,RO,1254734,1.5109863426379868,1.6469286966124792,2.130338149807267,1.5344714132659072
2020-04-23,RO,1254734,1.4466231296121117,1.6294031199739067,2.096529577910617,1.5317194903184868
2020-04-24,RO,1254734,1.6340282748554633,1.6278436775834484,2.0968413303084685,1.5328302459717709
2020-04-25,RO,1254734,1.6584315646733214,1.618201658805455,2.067589595613246,1.5328312961478654
2020-04-26,RO,1254734,1.4885332180487736,1.6094140108448487,2.0151896840694388,1.530502237573308
2020-04-27,RO,1254734,1.5381126587355491,1.6058629129325313,1.962689413832952,1.5207246716578735
2020-04-28,RO,1254734,1.972039739118548,1.5964508106403992,1.9479261403348087,1.5122307393046583
2020-04-29,RO,1254734,1.8651937108448704,1.5915697995640787,1.9017787608871184,1.5081828504444528
2020-04-30,RO,1254734,1.97559698410804,1.5886471843300214,1.8363246463315808,1.5054549685108989
2020-05-01,RO,1254734,1.9778808128288816,1.585104793848958,1.8054913764341944,1.4941213644115814
2020-05-02,RO,1254734,1.8094539751951444,1.5819300666224076,1.7962158453785355,1.4909827502646462
2020-05-03,RO,1254734,1.581818542223019,1.5809377377180218,1.7310386672528109,1.4865109680700568
2020-05-04,RO,1254734,1.6147493004090254,1.5797134568840503,1.6807425799274518,1.4750095444969342
2020-05-05,RO,1254734,1.5565242901808682,1.5767387987153372,1.6717664671965546,1.4583123368643391
2020-05-06,RO,1254734,1.3067153974690973,1.5733401683289987,1.6716364597430031,1.4508956774629622
2020-05-07,RO,1254734,1.2765227070714933,1.571664966542048,1.6715221398858082,1.4466617535310669
2020-05-08,RO,1254734,1.233630647706396,1.5714702246209604,1.6714372436873168,1.443592327187762
2020-05-09,RO,1254734,1.3756711844787697,1.571251741570781,1.6713154124220149,1.4410333434189702
2020-05-10,RO,1254734,1.176382939342703,1.5712247686639502,1.671181455519949,1.4393467390002015
2020-05-11,RO,1254734,1.0964505445811494,1.5709759625015702,1.6710227160212914,1.4380642061491464
2020-05-12,RO,1254734,1.3156596497147222,1.5708093625708772,1.6708526101712606,1.4341141271255948
2020-05-13,RO,1254734,1.370734362045224,1.570662925350838,1.6706396401413794,1.4301090829357823
2020-05-14,RO,1254734,1.3232305252533485,1.570504830370559,1.670462358109731,1.42711028353875
2020-05-15,RO,1254734,1.0745127373830237,1.5718749139913095,1.670246882042414,1.4248550076781754
2020-05-16,RO,1254734,1.4416831722514014,1.5752194955569383,1.6985240868531029,1.4231280022580424
2020-05-17,RO,1254734,1.66118927839239,1.5848372813294445,1.8163467823997042,1.421787729288397
2020-05-18,RO,1254734,1.3349214092039017,1.5971880955638054,2.075084487769361,1.4207393418490155
2020-04-25,RR,225889,0.494703237011605,1.9699868549486248,2.229244752009881,1.8094040801115816
2020-04-26,RR,225889,0.420855959837968,1.9696326049213235,2.228805433075725,1.8090515816256507
2020-04-27,RR,225889,1.3681131680838965,1.969232212070896,2.2283823255901605,1.808731829056908
2020-04-28,RR,225889,0.8614737034280081,1.9688381453028232,2.227904729355715,1.8083840753261984
2020-04-29,RR,225889,0.8664018964811617,1.968417640530936,2.2274132181322743,1.8080190851157685
2020-04-30,RR,225889,1.1676023660000034,1.9679319420775918,2.226928877097807,1.807609059544688
2020-05-01,RR,225889,1.6750399547717587,1.9674525515626025,2.2263719975930103,1.8071620073457413
2020-05-02,RR,225889,7.944169737632059,1.96696795730276,2.225709373061875,1.8067171142902017
2020-05-03,RR,225889,5.296214683063013,1.9664267366080288,2.224952944526556,1.8062481970884168
2020-05-04,RR,225889,4.5181196105483465,1.965804130759732,2.2240731826993017,1.8057541533374235
2020-05-05,RR,225889,4.087960344350471,1.931842322453596,2.175406942142066,1.8045530168426642
2020-05-06,RR,225889,3.610864263020497,1.90914374872477,2.127164527497742,1.6653442751844645
2020-05-07,RR,225889,2.8603063571831497,1.8748560417874127,2.105095090438568,1.5234545996583495
2020-05-08,RR,225889,1.1408453715580196,1.8564863044345108,2.055023036079596,1.4135180721941012
2020-05-09,RR,225889,0.9388643091633954,1.8266824820251697,2.0540088582824025,1.3251302771195659
2020-05-10,RR,225889,1.0779153891836315,1.8193448561935024,2.052970483451416,1.263547528459291
2020-05-11,RR,225889,1.126548405188148,1.8184097296096449,2.0305520034678826,1.2073303938498627
2020-05-12,RR,225889,1.0861269722509999,1.8111236986896453,2.0148206473743824,1.1525061139951842
2020-05-13,RR,225889,1.3336987725029663,1.7896518933585273,2.008481065122666,1.1194635651844465
2020-05-14,RR,225889,1.6684474127184563,1.5683009741103937,1.9363192646334613,1.0907056156816664
2020-05-15,RR,225889,1.7310467410416852,1.3769294341486198,1.901605056167473,1.0625698424350971
2020-05-16,RR,225889,1.6052753193531353,1.2872616889987882,1.7998845658756268,1.020388846284423
2020-05-17,RR,225889,1.209022667888897,1.1796418825270305,1.486849835730074,0.953860249901593
2020-05-18,RR,225889,0.9609476227367044,1.085679819460644,1.3223629648072444,0.8072304225810731
2020-03-24,SC,6747229,2.3584526507131263,3.242327091740784,3.989111836062997,2.0705384765350106
2020-03-25,SC,6747229,2.124190845410166,2.7113494533224123,3.604454980390076,1.8871273736880831
2020-03-26,SC,6747229,1.6460740124332265,2.310102703632191,3.4329240011837734,1.7682846005277852
2020-03-27,SC,6747229,1.3752369556880293,2.0301243172953103,3.120074317211808,1.6880195489849243
2020-03-28,SC,6747229,1.1303996031422243,1.848726525762252,2.8376879779406545,1.6269334709545256
2020-03-29,SC,6747229,0.8791340782021227,1.7343207718614146,2.7092097472463017,1.5845437700649976
2020-03-30,SC,6747229,1.0975245860488585,1.6590431702655302,2.6995500020630083,1.5529380070159362
2020-03-31,SC,6747229,1.0057119436858353,1.6065125929762591,2.6101855260555444,1.524584477017766
2020-04-01,SC,6747229,1.5581566474203976,1.5712192294504466,2.5281113061502314,1.501190834200364
2020-04-02,SC,6747229,1.6175348572745711,1.5409065604113712,2.507932095294627,1.4845609418974224
2020-04-03,SC,6747229,1.8696865283400368,1.5206195521731043,2.3862558619191807,1.474968740087604
2020-04-04,SC,6747229,1.9262385246690448,1.5066139048422926,2.3838952518654333,1.466999379141391
2020-04-05,SC,6747229,1.9056136974908595,1.496735265913046,2.321971656149917,1.4596260826437495
2020-04-06,SC,6747229,3.1491497316594645,1.4868774456363092,2.057185671113868,1.4524762688485755
2020-04-07,SC,6747229,2.539563619151765,1.4809512070280793,1.9047557133370518,1.4473997749346257
2020-04-08,SC,6747229,2.100168459629669,1.4764321252594892,1.8394338326665296,1.4437322918272042
2020-04-09,SC,6747229,1.889628476416696,1.4706011421175078,1.7659145855109646,1.4407667526055414
2020-04-10,SC,6747229,1.7071442437061868,1.467788410334747,1.6618829685442609,1.4379176163602192
2020-04-11,SC,6747229,1.4652813040640498,1.4644808270836809,1.6005685950003046,1.4357907834373471
2020-04-12,SC,6747229,0.7255584480904725,1.4628750161937576,1.5659478492822403,1.4343481761567936
2020-04-13,SC,6747229,0.7746470763794903,1.460598957605268,1.5336917724409975,1.4339231781501498
2020-04-14,SC,6747229,0.8940339891845765,1.4600374010499884,1.5187671899160842,1.4297763112418709
2020-04-15,SC,6747229,0.7490222834444422,1.4583398506398906,1.5181085126173837,1.4294798657675645
2020-04-16,SC,6747229,0.8305987625303559,1.4566766813341492,1.5179868109047423,1.4257895944946894
2020-04-17,SC,6747229,0.912256328367925,1.4558822707968715,1.5180737678800378,1.4240599401935323
2020-04-18,SC,6747229,0.9373157262001948,1.455663448595043,1.5179740717060572,1.4229614605357357
2020-04-19,SC,6747229,0.8605705551593862,1.4550040344100807,1.5178430838459678,1.4219343674449414
2020-04-20,SC,6747229,0.9593142126433716,1.4545114676660558,1.5178474770953576,1.4211496800920949
2020-04-21,SC,6747229,1.116278565573399,1.4543633865556729,1.5175369688824198,1.4193534338007563
2020-04-22,SC,6747229,1.0259545088891509,1.45451534263676,1.5175577805393576,1.417871819271538
2020-04-23,SC,6747229,1.371170567461845,1.4541319985052017,1.5173647595120392,1.4175914929965052
2020-04-24,SC,6747229,1.9176002267498056,1.454139935848568,1.5172987964613136,1.4150296120259451
2020-04-25,SC,6747229,3.954145948804853,1.4539974407950584,1.5171576661574888,1.414352008879704
2020-04-26,SC,6747229,3.4961899360862776,1.4538510915795553,1.5170919422410707,1.4137343552919166
2020-04-27,SC,6747229,3.5316062221253444,1.453721613283702,1.5170610657504655,1.4132520804469924
2020-04-28,SC,6747229,2.234436146091425,1.4535933266360062,1.5168047330776415,1.4128636596260893
2020-04-29,SC,6747229,2.227885219407894,1.4535382317091627,1.5167923838919142,1.4125067942642544
2020-04-30,SC,6747229,1.968809869048128,1.4534521528178548,1.5166480980762986,1.4122511140426754
2020-05-01,SC,6747229,1.107524038217672,1.45330463208386,1.5077171534648055,1.4119972129077247
2020-05-02,SC,6747229,1.1472315867638805,1.4517868063691566,1.5076041719939248,1.4113395083312603
2020-05-03,SC,6747229,0.9088295054341236,1.4516599421892145,1.5074932656344695,1.4111416634719811
2020-05-04,SC,6747229,1.4665598907901067,1.4515423583957707,1.5068758632095962,1.4109608560168845
2020-05-05,SC,6747229,1.239071121461672,1.4514254308778325,1.5075712064673918,1.4107793736413892
2020-05-06,SC,6747229,1.2007605546619788,1.4512898418811877,1.5071431205807744,1.410599079641265
2020-05-07,SC,6747229,1.109290311734782,1.451126307224065,1.5068716363337993,1.4104320496033491
2020-05-08,SC,6747229,0.9981163358070652,1.4509850481828332,1.506674858447451,1.4102474857723877
2020-05-09,SC,6747229,1.0994256915453635,1.450826987582979,1.5064850041564213,1.4100926512310892
2020-05-10,SC,6747229,0.9724580239232904,1.450531623838539,1.5062795198201535,1.4098620480327082
2020-05-11,SC,6747229,1.4275895207874505,1.4505091820194245,1.5060805124087424,1.4096725700551742
2020-05-12,SC,6747229,1.4763824498347131,1.450232042964465,1.5058559893346506,1.4094677848132071
2020-05-13,SC,6747229,1.4863116763873436,1.449994875123075,1.5056277026077023,1.409254584928191
2020-05-14,SC,6747229,1.4242599961349145,1.4497690309374345,1.5053877090869108,1.4088834690028462
2020-05-15,SC,6747229,1.56697953607309,1.4495379162004598,1.505124589598856,1.4089174786352672
2020-05-16,SC,6747229,1.624264116339441,1.4492923606954988,1.5048621362773045,1.4085920546326527
2020-05-17,SC,6747229,1.1349779141712126,1.449033466306135,1.504554737848458,1.4083288669584244
2020-05-18,SC,6747229,0.9834169852884048,1.4487628326499586,1.5042321521325837,1.408051683851769
2020-03-23,SP,34146712,5.5078297667682,3.2334665978520136,3.9530069256810254,2.8083564241720875
2020-03-24,SP,34146712,5.092802019820144,3.225922318962977,3.953439636402314,2.7975394837021725
2020-03-25,SP,34146712,2.5898657404380674,3.2319247747955053,3.9548418565965178,2.7966029714322174
2020-03-26,SP,34146712,2.0770270166824387,3.2229238253753065,3.954281210756576,2.7896107928361475
2020-03-27,SP,34146712,4.30544156634318,3.217627898034785,3.952796946149924,2.7874876841622096
2020-03-28,SP,34146712,4.236514585837482,3.2163528070091827,3.9510802662028586,2.7838229068012548
2020-03-29,SP,34146712,4.268693635408728,3.202581785593452,3.95065857984111,2.783799137484245
2020-03-30,SP,34146712,4.092191256593754,3.1999755775503185,3.8699780554330916,2.7371923372522122
2020-03-31,SP,34146712,4.367548149608435,3.1468286534113683,3.7884170854527737,2.70141977111106
2020-04-01,SP,34146712,3.9035868575769563,3.0566352010859106,3.6948608493502126,2.333561451992276
2020-04-02,SP,34146712,2.6156602528098363,3.0110760229187483,3.5259043130952605,2.036887880899972
2020-04-03,SP,34146712,1.949795693311993,2.881291967747944,3.2935250004659173,1.851705496666307
2020-04-04,SP,34146712,2.2068455164078014,2.787153319371482,3.1540854792790016,1.7314670420882252
2020-04-05,SP,34146712,2.39911557725481,2.367329320318351,3.119197645913008,1.6509503586348009
2020-04-06,SP,34146712,2.2607785390087765,2.053283413799665,2.9774097732493594,1.5944768969304641
2020-04-07,SP,34146712,2.162482308857553,1.8561714332853263,2.775463768470587,1.5560011827480993
2020-04-08,SP,34146712,1.9301459509098768,1.7285063471937523,2.40421615524586,1.527245501947299
2020-04-09,SP,34146712,1.739934607026515,1.6500905407690327,2.079283783001692,1.5047753739531151
2020-04-10,SP,34146712,1.2883776658801505,1.5920087867511024,1.87264115386298,1.4856357819736754
2020-04-11,SP,34146712,1.0354226000527085,1.5470637388399544,1.7371426706281334,1.4725427190498934
2020-04-12,SP,34146712,1.4037839673762715,1.5152735849266707,1.6461208298368832,1.4636963497141062
2020-04-13,SP,34146712,1.5031139016482316,1.4963593970232132,1.5802469022670294,1.4556143505896015
2020-04-14,SP,34146712,1.8143446674642352,1.4807953880096592,1.5369264577073554,1.447769693266464
2020-04-15,SP,34146712,1.931415547166872,1.4696921775098613,1.5087072396686676,1.4412454787416908
2020-04-16,SP,34146712,1.8257599628582315,1.4599249506204115,1.491676713076016,1.4360896054659282
2020-04-17,SP,34146712,1.6551761784651708,1.4523971211193114,1.4772865769295644,1.4322884950514154
2020-04-18,SP,34146712,1.2836864324424528,1.4462917164813698,1.4711079763111898,1.4292519746113033
2020-04-19,SP,34146712,1.0727428757978137,1.4411764136209009,1.4701201528899217,1.42585179710153
2020-04-20,SP,34146712,0.9383455911459032,1.4376461303293886,1.4693377993015098,1.4218933323640341
2020-04-21,SP,34146712,1.0144031388828196,1.4347744881423274,1.4684426253142613,1.4187821836608516
2020-04-22,SP,34146712,1.4842317442531603,1.4323651356369589,1.4679811776059362,1.4163120039182844
2020-04-23,SP,34146712,1.5200180411835762,1.4308118950249389,1.4676957071827523,1.4140943145032416
2020-04-24,SP,34146712,1.589831728741984,1.4301712150387236,1.4673632540774826,1.4122199344855069
2020-04-25,SP,34146712,1.932744910181707,1.4295934217709023,1.4671028185369843,1.4107720184891148
2020-04-26,SP,34146712,2.0943611286827264,1.429163821650311,1.4668960932012998,1.409661866092279
2020-04-27,SP,34146712,2.1475854787383355,1.4285870491557784,1.4665495970394609,1.4088024995212272
2020-04-28,SP,34146712,1.866311816440108,1.4281230058114434,1.4664152073190764,1.4081320734153648
2020-04-29,SP,34146712,1.724573360856566,1.4278288386086573,1.4662042480754516,1.40762586512607
2020-04-30,SP,34146712,1.4927985702757174,1.4275895262605738,1.4660208962879078,1.40718631833635
2020-05-01,SP,34146712,1.1337611986222491,1.4273424135255692,1.4658615247826052,1.4068033033382332
2020-05-02,SP,34146712,1.0568773617532992,1.4271305271103587,1.4657059730078177,1.4064875719640098
2020-05-03,SP,34146712,1.2446812070683673,1.426924594680616,1.4655501422559571,1.4062052226298565
2020-05-04,SP,34146712,1.2821200664125023,1.4267356586049855,1.465387053765968,1.40595028521889
2020-05-05,SP,34146712,1.360687179182902,1.4265546712875137,1.4652233227562559,1.4057070007116568
2020-05-06,SP,34146712,1.5566884230828704,1.4263510994643491,1.4650573015735682,1.405484645720762
2020-05-07,SP,34146712,1.5736230183680668,1.426144338198804,1.4645957723675098,1.4052656743111482
2020-05-08,SP,34146712,1.3449504810717694,1.4259479700145672,1.4648881385728196,1.4050465164701411
2020-05-09,SP,34146712,1.0275142629539784,1.4257546493194266,1.4644933470509356,1.4048284370225412
2020-05-10,SP,34146712,1.1508092422366558,1.4255316185744653,1.4642193120660918,1.4046063871085712
2020-05-11,SP,34146712,1.3259679056773197,1.4252965574047118,1.4639769709317507,1.4043715434077084
2020-05-12,SP,34146712,1.4615062698835006,1.4250508896563483,1.4637287732563058,1.404144952599419
2020-05-13,SP,34146712,1.5801906796022087,1.4247912153347952,1.4634680667335247,1.403896045496427
2020-05-14,SP,34146712,1.585222389566861,1.424529831900288,1.4631919302912113,1.4036074068823392
2020-05-15,SP,34146712,1.4547875913947794,1.424044897672024,1.4629012405788036,1.4033425411416671
2020-05-16,SP,34146712,1.3438240662760979,1.4241354243439122,1.4625925286164052,1.4030472531272349
2020-05-17,SP,34146712,1.3332718509158017,1.4237079423040715,1.4622733103251964,1.4026841695379757
2020-05-18,SP,34146712,1.2628605445931322,1.4233630737952176,1.4619363480915863,1.4024915054115794
2020-04-30,SE,1641803,3.8034301354544566,2.089212537797309,2.181250429427752,1.9737862381467368
2020-05-01,SE,1641803,2.8052721771214824,2.0889790438044957,2.176951004790401,1.9650864314394991
2020-05-02,SE,1641803,2.689073806410343,2.088088743343639,2.176824880410073,1.9600589116498917
2020-05-03,SE,1641803,1.8633417377448829,2.0874423401517657,2.159050070431964,1.9599129387542544
2020-05-04,SE,1641803,1.9375736864234943,2.0856229230126018,2.158860697852776,1.9597172823952815
2020-05-05,SE,1641803,1.8042630558975292,2.0841078368673296,2.1586083254066692,1.9594000478042943
2020-05-06,SE,1641803,1.6322018749159732,2.0838539323892027,2.158280952207213,1.959126395646744
2020-05-07,SE,1641803,1.86474202779956,2.0835714005734824,2.1579705038722623,1.958793367466979
2020-05-08,SE,1641803,1.6034674916855227,2.083147008820588,2.1576058488401566,1.9587090085386456
2020-05-09,SE,1641803,1.7331277897131845,2.0828751736003026,2.157209022565396,1.9581751234941749
2020-05-10,SE,1641803,1.7723013198608195,2.082399498084654,2.156709991813077,1.954059882231344
2020-05-11,SE,1641803,1.7712447004436591,2.0809517350547986,2.156175735789468,1.9369296863438672
2020-05-12,SE,1641803,2.4775829144657457,2.08039273264672,2.150114059412414,1.9364334923345488
2020-05-13,SE,1641803,2.3698241012650296,2.0779459970688485,2.1477998268772067,1.935870811257508
2020-05-14,SE,1641803,2.521216851554556,2.06954245101188,2.1470341025448194,1.929523344110509
2020-05-15,SE,1641803,2.2432099178099394,2.0670391405690602,2.145554192882269,1.9045475752021932
2020-05-16,SE,1641803,2.2134652051790296,2.0638855085289802,2.143514359376544,1.8215819629209244
2020-05-17,SE,1641803,2.0681092316783425,2.0468839185293897,2.1349167006426257,1.7505288473921192
2020-05-18,SE,1641803,1.9405620734774625,2.014131589465854,2.1292649541820965,1.6922436637267766
2020-04-30,TO,1233217,3.412136877346652,2.380955408514052,2.6465214010894593,2.2560637881440435
2020-05-01,TO,1233217,2.6552810797421427,2.380822456892847,2.6460087243706663,2.2321139279606643
2020-05-02,TO,1233217,2.6778725237130137,2.3759394547764883,2.645612789750229,2.1748817284427187
2020-05-03,TO,1233217,2.65778799431041,2.3707038638648372,2.645276590079659,2.122695204837669
2020-05-04,TO,1233217,2.619939910630252,2.365253534225581,2.6448779772608138,2.0811479423999217
2020-05-05,TO,1233217,2.525148046428326,2.3609728324336388,2.6007438707004527,2.0580373115807005
2020-05-06,TO,1233217,2.936413958163906,2.3410447826303864,2.5658636183202006,2.036111973651491
2020-05-07,TO,1233217,2.6914569528870618,2.2978549507390356,2.559880603199045,2.001902892066065
2020-05-08,TO,1233217,2.4136823008836448,2.2600542278030598,2.5337186014999484,1.9673460822445827
2020-05-09,TO,1233217,2.245283373479508,2.1631040132923536,2.4965728737450537,1.946368111322494
2020-05-10,TO,1233217,2.091695908427297,2.0913468074574775,2.479037976511271,1.9194826855948341
2020-05-11,TO,1233217,2.0813226648628484,2.0497747050259623,2.3919683439849138,1.9032965656669176
2020-05-12,TO,1233217,1.7651603198528367,2.008120258772958,2.3101837472405657,1.86573814459712
2020-05-13,TO,1233217,1.4244373219194195,1.978353832193997,2.214721647590322,1.8312951104478912
2020-05-14,TO,1233217,1.6141448423857574,1.9571817853432434,2.105619886153081,1.8010067158578615
2020-05-15,TO,1233217,1.642599164757995,1.9277134034538994,2.0728405355789272,1.7683249794931162
2020-05-16,TO,1233217,1.6882297919239342,1.911249684282823,2.0709813862356508,1.7449754870797962
2020-05-17,TO,1233217,1.6281358732309195,1.902052816540944,2.069189341103953,1.71390348309049
2020-05-18,TO,1233217,1.7818009915370887,1.896721483491283,2.0673766126113007,1.6892007416611778
